fit_tier,priority,company,legal_name,usdot,power_units,drivers,officer,phone,email,city,state,zip,address,safety_rating,hazmat,classdef,fit_score,suggested_plan,add_on,outreach_angle,safer_url
Starter,High,TRANSPORT DYNAMICS LLC,TRANSPORT DYNAMICS LLC,1301572,10,20,JERROD LUND,6023978970,transportdynamics@cox.net,EL MIRAGE,AZ,85335,13214 WEST BUTLER DR,C,Yes,AUTHORIZED FOR HIRE,120,$99/mo Starter,Mention Monitor after trial activation,Expiration tracking + document vault for small fleet (fits Starter $99),https://safer.fmcsa.dot.gov/query.asp?searchtype=ANY&query_type=queryCarrierSnapshot&query_param=USDOT&query_string=1301572
Starter,High,CROSSROADS BROKERAGE,CROSSROADS CARRIERS LLC,1555294,10,10,JOSEPH  M LANGE,4809919830,j.lange@crossroadscarriers.com,MESA,AZ,85204,931 E SOUTHERN AVE STE 112,S,No,AUTHORIZED FOR HIRE,120,$99/mo Starter,Mention Monitor after trial activation,Expiration tracking + document vault for small fleet (fits Starter $99),https://safer.fmcsa.dot.gov/query.asp?searchtype=ANY&query_type=queryCarrierSnapshot&query_param=USDOT&query_string=1555294
Starter,High,WISE TRUCK LINES LLC,WISE TRUCK LINES LLC,1875902,10,8,GEORGE  WISE,5203772282,info@wisetrucklines.com,NOGALES,AZ,85621,14 BRAVO LN,None listed,No,AUTHORIZED FOR HIRE;EXEMPT FOR HIRE,120,$99/mo Starter,Mention Monitor after trial activation,Expiration tracking + document vault for small fleet (fits Starter $99),https://safer.fmcsa.dot.gov/query.asp?searchtype=ANY&query_type=queryCarrierSnapshot&query_param=USDOT&query_string=1875902
Starter,High,CHAD NICHOLAS TRUCKING,ESS EN CY LLC,3198757,10,10,SCOTT  CALE,9517435202,scott@chadnicholas.com,FLORENCE,AZ,85132,502 E ECHO LANE,None listed,No,AUTHORIZED FOR HIRE,120,$99/mo Starter,Mention Monitor after trial activation,Expiration tracking + document vault for small fleet (fits Starter $99),https://safer.fmcsa.dot.gov/query.asp?searchtype=ANY&query_type=queryCarrierSnapshot&query_param=USDOT&query_string=3198757
Starter,High,AV TRUCKING COMPANY INC,AV TRUCKING COMPANY INC,681148,10,10,VISHAVDEEP  SINGH,5106280142,dispatch@avtrucking.org,LIVERMORE,CA,94551,3095 INDEPENDENCE DR  SUITE H,None listed,No,AUTHORIZED FOR HIRE,120,$99/mo Starter,Mention Monitor after trial activation,Expiration tracking + document vault for small fleet (fits Starter $99),https://safer.fmcsa.dot.gov/query.asp?searchtype=ANY&query_type=queryCarrierSnapshot&query_param=USDOT&query_string=681148
Starter,High,PIER WEST TRANSPORTATION INC,PIER WEST TRANSPORTATION INC,681419,10,10,KEITH MAYER,3105496999,keithmayer@pierwest.com,LONG BEACH,CA,90810,4000 SANTA FE AVE,None listed,No,AUTHORIZED FOR HIRE,120,$99/mo Starter,Mention Monitor after trial activation,Expiration tracking + document vault for small fleet (fits Starter $99),https://safer.fmcsa.dot.gov/query.asp?searchtype=ANY&query_type=queryCarrierSnapshot&query_param=USDOT&query_string=681419
Starter,High,F POZO TRANSPORT LLC,F POZO TRANSPORT LLC,687029,10,10,FERNANDO POZO,6195717610,FPOZOTRANSPORT@HOTMAIL.COM,SAN DIEGO,CA,92154,6965 CAMINO MAQUILADORA STE C,None listed,No,AUTHORIZED FOR HIRE,120,$99/mo Starter,Mention Monitor after trial activation,Expiration tracking + document vault for small fleet (fits Starter $99),https://safer.fmcsa.dot.gov/query.asp?searchtype=ANY&query_type=queryCarrierSnapshot&query_param=USDOT&query_string=687029
Starter,High,A C CAMPBELLS TRANSPORT INC,A C CAMPBELLS TRANSPORT INC,702952,10,10,ANTHONY CAMPBELL,9518800705,camtrans@aol.com,COLTON,CA,92324,3000 CRYSTAL RIDGE LN,S,No,AUTHORIZED FOR HIRE,120,$99/mo Starter,Mention Monitor after trial activation,Expiration tracking + document vault for small fleet (fits Starter $99),https://safer.fmcsa.dot.gov/query.asp?searchtype=ANY&query_type=queryCarrierSnapshot&query_param=USDOT&query_string=702952
Starter,High,B KIRKLAND TRUCKING INC,B KIRKLAND TRUCKING INC,1898764,10,8,KRISTIN KIRKLAND,7193102567,bkirklandtrucking@gmail.com,COLORADO SPRINGS,CO,80919,2695 STONERIDGE DR,None listed,No,AUTHORIZED FOR HIRE,120,$99/mo Starter,Mention Monitor after trial activation,Expiration tracking + document vault for small fleet (fits Starter $99),https://safer.fmcsa.dot.gov/query.asp?searchtype=ANY&query_type=queryCarrierSnapshot&query_param=USDOT&query_string=1898764
Starter,High,JVM TRUCKING LLC,JVM TRUCKING LLC,2111187,10,10,JULIO CESAR SANCHEZ,7208791977,juliocsanchez07@gmail.com,COMMERCE CITY,CO,80640,16305 E 107TH PL,None listed,No,AUTHORIZED FOR HIRE,120,$99/mo Starter,Mention Monitor after trial activation,Expiration tracking + document vault for small fleet (fits Starter $99),https://safer.fmcsa.dot.gov/query.asp?searchtype=ANY&query_type=queryCarrierSnapshot&query_param=USDOT&query_string=2111187
Starter,High,BG TRANSPORTATION LLC,BG TRANSPORTATION LLC,2371026,10,10,HRISTIANA MANOLOVA,8472607347,OTR@BGCARRIER.COM,COMMERCE CITY,CO,80022,9247 SALIDA ST,None listed,Yes,AUTHORIZED FOR HIRE,120,$99/mo Starter,Mention Monitor after trial activation,Expiration tracking + document vault for small fleet (fits Starter $99),https://safer.fmcsa.dot.gov/query.asp?searchtype=ANY&query_type=queryCarrierSnapshot&query_param=USDOT&query_string=2371026
Starter,High,GRAUBERGER TRUCKING LLC,GRAUBERGER TRUCKING LLC,2411554,10,10,SHELESTE GRAUBERGER,9703017150,kendellgraubergertrucking@yahoo.com,LASALLE,CO,80645,169 S 7TH ST,None listed,No,AUTHORIZED FOR HIRE,120,$99/mo Starter,Mention Monitor after trial activation,Expiration tracking + document vault for small fleet (fits Starter $99),https://safer.fmcsa.dot.gov/query.asp?searchtype=ANY&query_type=queryCarrierSnapshot&query_param=USDOT&query_string=2411554
Starter,High,LITTLEFIELD FAMILY TRUCKING,LML LOGISTICS LLC,18944,10,16,DEBORAH PUTNAM,3522379799,lmllogistics12@GMAIL.COM,OCALA,FL,34482,411 NW 106TH AVE,S,No,AUTHORIZED FOR HIRE,120,$99/mo Starter,Mention Monitor after trial activation,Expiration tracking + document vault for small fleet (fits Starter $99),https://safer.fmcsa.dot.gov/query.asp?searchtype=ANY&query_type=queryCarrierSnapshot&query_param=USDOT&query_string=18944
Starter,High,CLG TRUCKING INC,CLG TRUCKING INC,156285,10,8,ALFRED J JOHNSON JR,9042598765,clg@nefcom.net,GLEN ST MARY,FL,32040,7574 W MT VERNON ST,S,No,AUTHORIZED FOR HIRE,120,$99/mo Starter,Mention Monitor after trial activation,Expiration tracking + document vault for small fleet (fits Starter $99),https://safer.fmcsa.dot.gov/query.asp?searchtype=ANY&query_type=queryCarrierSnapshot&query_param=USDOT&query_string=156285
Starter,High,N-E- WHERE TRANSPORT INC,N-E- WHERE TRANSPORT INC,464349,10,10,ANTHONY  AMATO,8136262888,anthony@newheretransport.com,TAMPA,FL,33610,3808 DR MARTIN LUTHER KING,None listed,No,AUTHORIZED FOR HIRE,120,$99/mo Starter,Mention Monitor after trial activation,Expiration tracking + document vault for small fleet (fits Starter $99),https://safer.fmcsa.dot.gov/query.asp?searchtype=ANY&query_type=queryCarrierSnapshot&query_param=USDOT&query_string=464349
Starter,High,CW CARRIERS DEDICATED INC,CW CARRIERS DEDICATED INC,1302053,10,8,LJILJANA TRKULJA,8136215057,cwcarriersinc@GMAIL.COM,TAMPA,FL,33619,509 S FALKENBURG ROAD,None listed,No,AUTHORIZED FOR HIRE,120,$99/mo Starter,Mention Monitor after trial activation,Expiration tracking + document vault for small fleet (fits Starter $99),https://safer.fmcsa.dot.gov/query.asp?searchtype=ANY&query_type=queryCarrierSnapshot&query_param=USDOT&query_string=1302053
Starter,High,CLAY CARRIERS INC,CLAY CARRIERS INC,1239035,10,9,GRADY CLAY,7702749529,CCIBROKERS@HOTMAIL.COM,EAST POINT,GA,30344,1550 E TAYLOR AVE,None listed,No,AUTHORIZED FOR HIRE,120,$99/mo Starter,Mention Monitor after trial activation,Expiration tracking + document vault for small fleet (fits Starter $99),https://safer.fmcsa.dot.gov/query.asp?searchtype=ANY&query_type=queryCarrierSnapshot&query_param=USDOT&query_string=1239035
Starter,High,FROST EXPRESS LLC,FROST EXPRESS LLC,1305813,10,16,MICHAEL HEITH FROST,7064631112,frostexpressllc@gmail.com,TUNNEL HILL,GA,30755,191 HWY 2,None listed,No,AUTHORIZED FOR HIRE,120,$99/mo Starter,Mention Monitor after trial activation,Expiration tracking + document vault for small fleet (fits Starter $99),https://safer.fmcsa.dot.gov/query.asp?searchtype=ANY&query_type=queryCarrierSnapshot&query_param=USDOT&query_string=1305813
Starter,High,MBK TRUCKING COMPANY,CORPORATION,1592417,10,10,ALEMAYEHU WOLDYESUS,7709253102,MATTALEX05@YAHOO.COM,LILBURN,GA,30047,712 IVES WAY,None listed,No,AUTHORIZED FOR HIRE,120,$99/mo Starter,Mention Monitor after trial activation,Expiration tracking + document vault for small fleet (fits Starter $99),https://safer.fmcsa.dot.gov/query.asp?searchtype=ANY&query_type=queryCarrierSnapshot&query_param=USDOT&query_string=1592417
Starter,High,PLATINUM TRUCKING II INC,PLATINUM TRUCKING II INC,1614648,10,10,JERRY S MOORE,7708202235,jason@platinumtrucking.net,NEWNAN,GA,30263,131 HILLWOOD CIRCLE,None listed,No,AUTHORIZED FOR HIRE,120,$99/mo Starter,Mention Monitor after trial activation,Expiration tracking + document vault for small fleet (fits Starter $99),https://safer.fmcsa.dot.gov/query.asp?searchtype=ANY&query_type=queryCarrierSnapshot&query_param=USDOT&query_string=1614648
Starter,High,R H BOELK TRUCK LINES INC,R H BOELK TRUCK LINES INC,76048,10,10,RANDALL BOELK,8155396778,RBOELK@COMCAST.NET,MENDOTA,IL,61342-0437,US HIGHWAY 34 WEST,S,No,AUTHORIZED FOR HIRE,120,$99/mo Starter,Mention Monitor after trial activation,Expiration tracking + document vault for small fleet (fits Starter $99),https://safer.fmcsa.dot.gov/query.asp?searchtype=ANY&query_type=queryCarrierSnapshot&query_param=USDOT&query_string=76048
Starter,High,TRADESHOW TRANSPORT LLC,TRADESHOW TRANSPORT LLC,147217,10,10,JEFFREY RIZZI,7736329819,jrizzi@tradeshowtran.com,CHICAGO,IL,60608,2300 S THROOP ST,S,No,AUTHORIZED FOR HIRE,120,$99/mo Starter,Mention Monitor after trial activation,Expiration tracking + document vault for small fleet (fits Starter $99),https://safer.fmcsa.dot.gov/query.asp?searchtype=ANY&query_type=queryCarrierSnapshot&query_param=USDOT&query_string=147217
Starter,High,BS TRANSPORTATION OF ILLINOIS LLC,BS TRANSPORTATION OF ILLINOIS LLC,996065,10,12,KALE KAUFMAN,8156982641,dispatchbst@yahoo.com,ASHKUM,IL,60911,942 E STATE ROUTE 116,None listed,Yes,AUTHORIZED FOR HIRE,120,$99/mo Starter,Mention Monitor after trial activation,Expiration tracking + document vault for small fleet (fits Starter $99),https://safer.fmcsa.dot.gov/query.asp?searchtype=ANY&query_type=queryCarrierSnapshot&query_param=USDOT&query_string=996065
Starter,High,ADJ TRUCKING INC,ADJ TRUCKING INC,1256160,10,7,KIM SHRUM,6182193219,donshrum@sspalletcorp.com,GRANITE CITY,IL,62040,1459 STATE STREET,None listed,No,AUTHORIZED FOR HIRE,120,$99/mo Starter,Mention Monitor after trial activation,Expiration tracking + document vault for small fleet (fits Starter $99),https://safer.fmcsa.dot.gov/query.asp?searchtype=ANY&query_type=queryCarrierSnapshot&query_param=USDOT&query_string=1256160
Starter,High,ENTERPRISE TRUCK LINE LLC,ENTERPRISE TRUCK LINE LLC,70772,10,10,DAVID ANTONSON,2194761300,sadie@enterprisetruckline.net,VALPARAISO,IN,46383,336 WEST US HWY 30 SUITE 201,S,No,AUTHORIZED FOR HIRE,120,$99/mo Starter,Mention Monitor after trial activation,Expiration tracking + document vault for small fleet (fits Starter $99),https://safer.fmcsa.dot.gov/query.asp?searchtype=ANY&query_type=queryCarrierSnapshot&query_param=USDOT&query_string=70772
Starter,High,EXPEDITED TRUCKING INC,EXPEDITED TRUCKING INC,695667,10,9,JOE ZELLER,8129141260,expeditedtrucking@gmail.com,CLARKSVILLE,IN,47129,825 EASTERN BLVD,None listed,No,AUTHORIZED FOR HIRE,120,$99/mo Starter,Mention Monitor after trial activation,Expiration tracking + document vault for small fleet (fits Starter $99),https://safer.fmcsa.dot.gov/query.asp?searchtype=ANY&query_type=queryCarrierSnapshot&query_param=USDOT&query_string=695667
Starter,High,DAVE MCCLAIN TRUCKING INC,DAVE MCCLAIN TRUCKING INC,731159,10,8,DAVE MCCLAIN,8122495653,DAVETRUCK58@AOL.COM,W T H,IN,47885,2104 BARNHART RD,None listed,No,AUTHORIZED FOR HIRE,120,$99/mo Starter,Mention Monitor after trial activation,Expiration tracking + document vault for small fleet (fits Starter $99),https://safer.fmcsa.dot.gov/query.asp?searchtype=ANY&query_type=queryCarrierSnapshot&query_param=USDOT&query_string=731159
Starter,High,YODER TRANSPORT,IVAN YODER,967813,10,10,IVAN YODER,5749711009,IYODER52872@GMAIL.COM,LAGRANGE,IN,46761,108 N CHERRY ST,None listed,No,AUTHORIZED FOR HIRE;EXEMPT FOR HIRE,120,$99/mo Starter,Mention Monitor after trial activation,Expiration tracking + document vault for small fleet (fits Starter $99),https://safer.fmcsa.dot.gov/query.asp?searchtype=ANY&query_type=queryCarrierSnapshot&query_param=USDOT&query_string=967813
Starter,High,WB PRODUCE HAULERS INC,WB PRODUCE HAULERS INC,75848,10,10,ALETHA  CURTIS,6168639560,jeff@wbhaulers.com,CASNOVIA,MI,49318,355 CANADA RD,S,No,AUTHORIZED FOR HIRE,120,$99/mo Starter,Mention Monitor after trial activation,Expiration tracking + document vault for small fleet (fits Starter $99),https://safer.fmcsa.dot.gov/query.asp?searchtype=ANY&query_type=queryCarrierSnapshot&query_param=USDOT&query_string=75848
Starter,High,LEADER LOGISTICS GROUP,LEADER LOGISTICS GROUP INC,712924,10,11,ARCHIE MEARS,5172783422,amears@leaderlg.com,COLDWATER,MI,49036,410 JAY ST,S,Yes,AUTHORIZED FOR HIRE,120,$99/mo Starter,Mention Monitor after trial activation,Expiration tracking + document vault for small fleet (fits Starter $99),https://safer.fmcsa.dot.gov/query.asp?searchtype=ANY&query_type=queryCarrierSnapshot&query_param=USDOT&query_string=712924
Starter,High,HEINLEN TRUCKING,HEINLEN TRUCKING LLC,753752,10,7,RAYMOND HEINLEN,9892278943,RFHEINLEN@GMAIL.COM,ST JOHNS,MI,48879,5058 ROOT ROAD,None listed,No,AUTHORIZED FOR HIRE,120,$99/mo Starter,Mention Monitor after trial activation,Expiration tracking + document vault for small fleet (fits Starter $99),https://safer.fmcsa.dot.gov/query.asp?searchtype=ANY&query_type=queryCarrierSnapshot&query_param=USDOT&query_string=753752
Starter,High,T F & W,TAYLOR FREIGHT & WAREHOUSE INC,1319886,10,5,THOMAS M SCHANTZ,3133047427,tfandw@yahoo.com,RIVER ROUGE,MI,48218,11192 W JEFFERSON AVE,None listed,No,AUTHORIZED FOR HIRE,120,$99/mo Starter,Mention Monitor after trial activation,Expiration tracking + document vault for small fleet (fits Starter $99),https://safer.fmcsa.dot.gov/query.asp?searchtype=ANY&query_type=queryCarrierSnapshot&query_param=USDOT&query_string=1319886
Starter,High,PSI TRANSPORTATION,PROFESSIONAL SERVICES TRANSPORTATION INC,459615,10,10,DENNY PRICE,6602774624,PSI@CVALLEY.NET,HUNTSVILLE,MO,65259,3255 W 24 HWY,S,No,AUTHORIZED FOR HIRE,120,$99/mo Starter,Mention Monitor after trial activation,Expiration tracking + document vault for small fleet (fits Starter $99),https://safer.fmcsa.dot.gov/query.asp?searchtype=ANY&query_type=queryCarrierSnapshot&query_param=USDOT&query_string=459615
Starter,High,CCS TRANSPORTATION INC,CCS TRANSPORTATION INC,743273,10,10,CYNTHIA J SHIKLES,4176230229,SHIKLES.CCS@GMAIL.COM,JOPLIN,MO,64801,5458 E 7TH STREET,None listed,No,AUTHORIZED FOR HIRE,120,$99/mo Starter,Mention Monitor after trial activation,Expiration tracking + document vault for small fleet (fits Starter $99),https://safer.fmcsa.dot.gov/query.asp?searchtype=ANY&query_type=queryCarrierSnapshot&query_param=USDOT&query_string=743273
Starter,High,SARAJEVO TRUCKING LLC,SARAJEVO TRUCKING LLC,1285186,10,10,ELDIN DURAN,3144792524,SARAJEVOTRUCKING@GMAIL.COM,ST LOUIS,MO,63123,9202 LEMONA DR,None listed,No,AUTHORIZED FOR HIRE,120,$99/mo Starter,Mention Monitor after trial activation,Expiration tracking + document vault for small fleet (fits Starter $99),https://safer.fmcsa.dot.gov/query.asp?searchtype=ANY&query_type=queryCarrierSnapshot&query_param=USDOT&query_string=1285186
Starter,High,BMW TRUCKING LLC,BMW TRUCKING LLC,1307215,10,10,SENAD KARAJIC,3144945142,BMWTRUCKING@bmwg.net,ARNOLD,MO,63010,3039 STRAWBERRY RIDGE DR,None listed,No,AUTHORIZED FOR HIRE,120,$99/mo Starter,Mention Monitor after trial activation,Expiration tracking + document vault for small fleet (fits Starter $99),https://safer.fmcsa.dot.gov/query.asp?searchtype=ANY&query_type=queryCarrierSnapshot&query_param=USDOT&query_string=1307215
Starter,High,EVANS TRANSPORT LLC,EVANS TRANSPORT LLC,108249,10,10,HEATHER  PERRY,2529467173,evanstransportllc@gmail.com,WASHINGTON,NC,27889,160 LINNIE PERRY RD,S,No,AUTHORIZED FOR HIRE,120,$99/mo Starter,Mention Monitor after trial activation,Expiration tracking + document vault for small fleet (fits Starter $99),https://safer.fmcsa.dot.gov/query.asp?searchtype=ANY&query_type=queryCarrierSnapshot&query_param=USDOT&query_string=108249
Starter,High,FRANKLIN TRANSPORT LLC,FRANKLIN TRANSPORT LLC,993272,10,10,LLOYD DUKE PHILLIPS,2529693035,lloyddphillips@yahoo.com,BATTLEBORO,NC,27809,220 DANIELS AVE,None listed,No,AUTHORIZED FOR HIRE,120,$99/mo Starter,Mention Monitor after trial activation,Expiration tracking + document vault for small fleet (fits Starter $99),https://safer.fmcsa.dot.gov/query.asp?searchtype=ANY&query_type=queryCarrierSnapshot&query_param=USDOT&query_string=993272
Starter,High,FHT,FLASH HORSE TRUCKING INC,1333696,10,10,LUIS QUICENO,3366719948,INFO@FLASHHORSETRUCKING.COM,HIGH POINT,NC,27265,3980 PREMIER DRIVE SUITE # 110,None listed,No,AUTHORIZED FOR HIRE,120,$99/mo Starter,Mention Monitor after trial activation,Expiration tracking + document vault for small fleet (fits Starter $99),https://safer.fmcsa.dot.gov/query.asp?searchtype=ANY&query_type=queryCarrierSnapshot&query_param=USDOT&query_string=1333696
Starter,High,GUARDIAN LOGISTICS SOLUTIONS INC,GUARDIAN LOGISTICS SOLUTIONS INC,1337610,10,10,RANDY FERRELL,7049094791,support@teamguardian.com,CHARLOTTE,NC,28214,8301 OLD DOWD ROAD SUITE A,None listed,No,AUTHORIZED FOR HIRE,120,$99/mo Starter,Mention Monitor after trial activation,Expiration tracking + document vault for small fleet (fits Starter $99),https://safer.fmcsa.dot.gov/query.asp?searchtype=ANY&query_type=queryCarrierSnapshot&query_param=USDOT&query_string=1337610
Starter,High,YAN TRANSPORT LOGISTIC INC,YAN TRANSPORT LOGISTIC INC,1019439,10,10,JAN BERSZAKIEWICZ,9174765721,yantransport@gmail.com,NEWARK,NJ,07105,474 WILSON AVE,None listed,No,PRIVATE PROPERTY;AUTHORIZED FOR HIRE,120,$99/mo Starter,Mention Monitor after trial activation,Expiration tracking + document vault for small fleet (fits Starter $99),https://safer.fmcsa.dot.gov/query.asp?searchtype=ANY&query_type=queryCarrierSnapshot&query_param=USDOT&query_string=1019439
Starter,High,BRE BRE TRUCKING LLC,BRE BRE TRUCKING LLC,1593818,10,5,BRYAN A. FISHER,8566554197,brebretrucking@OUTLOOK.COM,LAWNSIDE,NJ,08045,229 INDEPENDENCE BLVD,None listed,No,AUTHORIZED FOR HIRE,120,$99/mo Starter,Mention Monitor after trial activation,Expiration tracking + document vault for small fleet (fits Starter $99),https://safer.fmcsa.dot.gov/query.asp?searchtype=ANY&query_type=queryCarrierSnapshot&query_param=USDOT&query_string=1593818
Starter,High,TAJ TRANSPORTATION,TAJ INTERNATIONAL LLC,1818211,10,10,BALJEET S BRAR,7327907229,billsbrar@gmail.com,MONROESHIP,NJ,08831,377 DEANS RHODE HALL,None listed,No,AUTHORIZED FOR HIRE,120,$99/mo Starter,Mention Monitor after trial activation,Expiration tracking + document vault for small fleet (fits Starter $99),https://safer.fmcsa.dot.gov/query.asp?searchtype=ANY&query_type=queryCarrierSnapshot&query_param=USDOT&query_string=1818211
Starter,High,FERNANDO'S TRUCKING LLC,FERNANDO'S TRUCKING LLC,2421384,10,10,FERNANDO GOMEZ MARTINO,7329259882,fernandostruckingllc@gmail.com,RAHWAY,NJ,07065,256 EAST GRAND AVE APT 1B,None listed,No,AUTHORIZED FOR HIRE,120,$99/mo Starter,Mention Monitor after trial activation,Expiration tracking + document vault for small fleet (fits Starter $99),https://safer.fmcsa.dot.gov/query.asp?searchtype=ANY&query_type=queryCarrierSnapshot&query_param=USDOT&query_string=2421384
Starter,High,FDA LOGISTICS LLC,FDA LOGISTICS LLC,1613148,10,10,ERIC JANKOWSKI,7166305070,EJANKOWSKI@FDALOGISTICS.COM,CHEEKTOWAGA,NY,14225,211 SCOTT PLACE,None listed,No,AUTHORIZED FOR HIRE,120,$99/mo Starter,Mention Monitor after trial activation,Expiration tracking + document vault for small fleet (fits Starter $99),https://safer.fmcsa.dot.gov/query.asp?searchtype=ANY&query_type=queryCarrierSnapshot&query_param=USDOT&query_string=1613148
Starter,High,PIPHER TRUCKING INC,PIPHER TRUCKING INC,1301699,9,10,LEWIS PIPHER,3156357931,LPIPHER48@GMAIL.COM,SYRACUSE,NY,13021,4511 VALENTINE RD,None listed,No,AUTHORIZED FOR HIRE,120,$99/mo Starter,Mention Monitor after trial activation,Expiration tracking + document vault for small fleet (fits Starter $99),https://safer.fmcsa.dot.gov/query.asp?searchtype=ANY&query_type=queryCarrierSnapshot&query_param=USDOT&query_string=1301699
Starter,High,LALOMIA TRANSPORTATION CORPORATION,LALOMIA TRANSPORTATION CORPORATION,20507,8,6,GERALDINE LALOMIA,7168941703,L28tg@aol.com,SLOAN,NY,14212,59 HALSTEAD AVE,None listed,No,AUTHORIZED FOR HIRE,120,$99/mo Starter,Mention Monitor after trial activation,Expiration tracking + document vault for small fleet (fits Starter $99),https://safer.fmcsa.dot.gov/query.asp?searchtype=ANY&query_type=queryCarrierSnapshot&query_param=USDOT&query_string=20507
Starter,High,GILCO TRUCKING,JILL E NUFFER & LEE H GILL,715724,8,8,JILL E NUFFER,3156589916,JILLNUFFER@GILCONY.COM,LAFARGEVILLE,NY,13656,20892 NYS ROUTE 411,S,No,AUTHORIZED FOR HIRE,120,$99/mo Starter,Mention Monitor after trial activation,Expiration tracking + document vault for small fleet (fits Starter $99),https://safer.fmcsa.dot.gov/query.asp?searchtype=ANY&query_type=queryCarrierSnapshot&query_param=USDOT&query_string=715724
Starter,High,CLOSE TRUCKING LTD,CLOSE TRUCKING LTD,383212,10,5,SHEILA CLOSE,3302315454,CLOSETRUCKING@NEOHIO.TWCBC.COM,MILLERSBURG,OH,44654,2741 SR 83,S,No,AUTHORIZED FOR HIRE,120,$99/mo Starter,Mention Monitor after trial activation,Expiration tracking + document vault for small fleet (fits Starter $99),https://safer.fmcsa.dot.gov/query.asp?searchtype=ANY&query_type=queryCarrierSnapshot&query_param=USDOT&query_string=383212
Starter,High,DEDICATED FLEET LOGISTICS INC,DEDICATED FLEET LOGISTICS INC,736540,10,10,CHRIS  E RHYMER,4192383328,dedicated.fleet3@gmail.com,VAN WERT,OH,45891,1202 INDUSTRIAL DR,S,No,AUTHORIZED FOR HIRE,120,$99/mo Starter,Mention Monitor after trial activation,Expiration tracking + document vault for small fleet (fits Starter $99),https://safer.fmcsa.dot.gov/query.asp?searchtype=ANY&query_type=queryCarrierSnapshot&query_param=USDOT&query_string=736540
Starter,High,DARKSIDE TRUCKING LTD,DARKSIDE TRUCKING LTD,1242834,10,9,VANCE S CARPENTER,7408198358,DARKSIDETRUCKING@HOTMAIL.COM,ZANESVILLE,OH,43701,1635 JOHN STREET,S,No,AUTHORIZED FOR HIRE,120,$99/mo Starter,Mention Monitor after trial activation,Expiration tracking + document vault for small fleet (fits Starter $99),https://safer.fmcsa.dot.gov/query.asp?searchtype=ANY&query_type=queryCarrierSnapshot&query_param=USDOT&query_string=1242834
Starter,High,VWK TRANSPORTATION INC,VWK TRANSPORTATION INC,1337207,10,10,SAIDJON KURALBAYEV,2066715149,vwk.transportationinc@gmail.com,COLUMBUS,OH,43221,2025 RIVERSIDE DR STE 554,None listed,No,AUTHORIZED FOR HIRE,120,$99/mo Starter,Mention Monitor after trial activation,Expiration tracking + document vault for small fleet (fits Starter $99),https://safer.fmcsa.dot.gov/query.asp?searchtype=ANY&query_type=queryCarrierSnapshot&query_param=USDOT&query_string=1337207
Starter,High,NK TRUCKING LLC,NK TRUCKING LLC,718977,10,10,NIKOLAY KOVAL,3606010175,truckingnk@yahoo.com,PORTLAND,OR,97233,1441 SE 148TH AVE,S,No,AUTHORIZED FOR HIRE,120,$99/mo Starter,Mention Monitor after trial activation,Expiration tracking + document vault for small fleet (fits Starter $99),https://safer.fmcsa.dot.gov/query.asp?searchtype=ANY&query_type=queryCarrierSnapshot&query_param=USDOT&query_string=718977
Starter,High,OK EXPRESS INC,OK EXPRESS INC,1243946,10,12,DANIEL KOVALCHUK,5033289184,OKEXPRESS1@GMAIL.COM,PORTLAND,OR,97236,6224 SE DUNBAR DR,S,No,AUTHORIZED FOR HIRE,120,$99/mo Starter,Mention Monitor after trial activation,Expiration tracking + document vault for small fleet (fits Starter $99),https://safer.fmcsa.dot.gov/query.asp?searchtype=ANY&query_type=queryCarrierSnapshot&query_param=USDOT&query_string=1243946
Starter,High,MORGAN HEAVY HAUL INC,MORGAN HEAVY HAUL INC,1832452,10,12,JEFFERY M MORGAN,5036477474,mike.mcdonald@morgan-industrial.com,NORTH PLAINS,OR,97133,10938 NW 289TH PL,None listed,No,AUTHORIZED FOR HIRE,120,$99/mo Starter,Mention Monitor after trial activation,Expiration tracking + document vault for small fleet (fits Starter $99),https://safer.fmcsa.dot.gov/query.asp?searchtype=ANY&query_type=queryCarrierSnapshot&query_param=USDOT&query_string=1832452
Starter,High,IMPERIAL EXPRESS LLC,IMPERIAL EXPRESS LLC,1835758,10,12,VLADISLAV GVOZDICOV,5034646650,IMPERIALEXPRESSLLC@GMAIL.COM,PORTLAND,OR,97230,12628 NE HASSALO ST,S,No,AUTHORIZED FOR HIRE,120,$99/mo Starter,Mention Monitor after trial activation,Expiration tracking + document vault for small fleet (fits Starter $99),https://safer.fmcsa.dot.gov/query.asp?searchtype=ANY&query_type=queryCarrierSnapshot&query_param=USDOT&query_string=1835758
Starter,High,PERCHAK TRUCKING INC,PERCHAK TRUCKING INC,38214,10,10,STEVE PERCHAK,5704554977,perchaktruck@outlook.com,HAZLE TOWNSHIP,PA,18201,550 TRANSPORTATION DRIVE,S,No,AUTHORIZED FOR HIRE,120,$99/mo Starter,Mention Monitor after trial activation,Expiration tracking + document vault for small fleet (fits Starter $99),https://safer.fmcsa.dot.gov/query.asp?searchtype=ANY&query_type=queryCarrierSnapshot&query_param=USDOT&query_string=38214
Starter,High,CROSSKEYS TRANSPORT INC,CROSSKEYS TRANSPORT INC,394038,10,6,RICHARD LEE FRANKS JR,5706623006,crosskeystrans@gmail.com,MANSFIELD,PA,16933,14519 ROUTE 6,None listed,Yes,AUTHORIZED FOR HIRE,120,$99/mo Starter,Mention Monitor after trial activation,Expiration tracking + document vault for small fleet (fits Starter $99),https://safer.fmcsa.dot.gov/query.asp?searchtype=ANY&query_type=queryCarrierSnapshot&query_param=USDOT&query_string=394038
Starter,High,AVP TRANSPORT INC,AVP TRANSPORT INC,680910,10,9,PATRICK R. HOGAN,5707199367,AVPTRANSPORT@HOTMAIL.COM,PLYMOUTH,PA,18651,148 CHERRY ST REAR,S,No,AUTHORIZED FOR HIRE,120,$99/mo Starter,Mention Monitor after trial activation,Expiration tracking + document vault for small fleet (fits Starter $99),https://safer.fmcsa.dot.gov/query.asp?searchtype=ANY&query_type=queryCarrierSnapshot&query_param=USDOT&query_string=680910
Starter,High,J WHITE AND SONS TRUCKING,J WHITE AND SONS TRUCKING,745418,10,10,JEFFREY R WHITE,5702097963,jwsonstrucking@gmail.com,TAYLOR,PA,18517,712 SOUTH  KEYSER AVE,None listed,Yes,AUTHORIZED FOR HIRE,120,$99/mo Starter,Mention Monitor after trial activation,Expiration tracking + document vault for small fleet (fits Starter $99),https://safer.fmcsa.dot.gov/query.asp?searchtype=ANY&query_type=queryCarrierSnapshot&query_param=USDOT&query_string=745418
Starter,High,LML TRUCKING INC,LML TRUCKING INC,133057,10,10,CHUCK HIGGINS,4235810442,krissy@mimworks.net,MORRISTOWN,TN,37813,2540 OLD NEWPORT HWY 25E,S,Yes,AUTHORIZED FOR HIRE,120,$99/mo Starter,Mention Monitor after trial activation,Expiration tracking + document vault for small fleet (fits Starter $99),https://safer.fmcsa.dot.gov/query.asp?searchtype=ANY&query_type=queryCarrierSnapshot&query_param=USDOT&query_string=133057
Starter,High,J & R TRUCKING,J & R EXPRESS INC,467538,10,10,BRAD  SUDDARTH,16158668027,bradsuddarth@gmail.com,HENDERSONVILLE,TN,37075,100 STUART DR,S,No,AUTHORIZED FOR HIRE,120,$99/mo Starter,Mention Monitor after trial activation,Expiration tracking + document vault for small fleet (fits Starter $99),https://safer.fmcsa.dot.gov/query.asp?searchtype=ANY&query_type=queryCarrierSnapshot&query_param=USDOT&query_string=467538
Starter,High,DEWAYNE HUNTER TRUCKING LLC,DEWAYNE HUNTER TRUCKING LLC,1325156,10,9,DEWAYNE HUNTER,9014750582,DEWAYNEHUNTERTRUCKING@YAHOO.COM,BURLISON,TN,38015,7777 MUNFORD GILTEDGE RD,None listed,No,AUTHORIZED FOR HIRE,120,$99/mo Starter,Mention Monitor after trial activation,Expiration tracking + document vault for small fleet (fits Starter $99),https://safer.fmcsa.dot.gov/query.asp?searchtype=ANY&query_type=queryCarrierSnapshot&query_param=USDOT&query_string=1325156
Starter,High,BOBBY WHITE TRUCKIN,BOBBY WHITE,1623116,10,10,BOBBY  WHITE,9317245303,bobbywhitetruckin@yahoo.com,LUTTS,TN,38471,740 FIELDER LOOP,None listed,No,AUTHORIZED FOR HIRE,120,$99/mo Starter,Mention Monitor after trial activation,Expiration tracking + document vault for small fleet (fits Starter $99),https://safer.fmcsa.dot.gov/query.asp?searchtype=ANY&query_type=queryCarrierSnapshot&query_param=USDOT&query_string=1623116
Starter,High,K-R-Y,YEARY TRUCKING INC,383471,10,10,STACIE YEARY,8175944289,styacie yeary@aol.com,WEATHERFORD,TX,76088,2403 MINERAL WELLS HWY,S,No,PRIVATE PROPERTY;AUTHORIZED FOR HIRE,120,$99/mo Starter,Mention Monitor after trial activation,Expiration tracking + document vault for small fleet (fits Starter $99),https://safer.fmcsa.dot.gov/query.asp?searchtype=ANY&query_type=queryCarrierSnapshot&query_param=USDOT&query_string=383471
Starter,High,EDWARDS TRANSPORTATION INC,EDWARDS TRANSPORTATION INC,746804,10,8,KALEE EDWARDS,8068852769,EDWTRK@MSN.COM,LUBBOCK,TX,79416,1211 B NORTH COUNTY RD 1300,None listed,No,AUTHORIZED FOR HIRE,120,$99/mo Starter,Mention Monitor after trial activation,Expiration tracking + document vault for small fleet (fits Starter $99),https://safer.fmcsa.dot.gov/query.asp?searchtype=ANY&query_type=queryCarrierSnapshot&query_param=USDOT&query_string=746804
Starter,High,MARKO EXPRESS,DJ ASSOCIATES INC,1279749,10,10,"DOYLE  MARTIN, JR",7137299500,mariav@markotransportation.com,HOUSTON,TX,77035,11501 CHIMNEY ROCK RD,None listed,No,AUTHORIZED FOR HIRE,120,$99/mo Starter,Mention Monitor after trial activation,Expiration tracking + document vault for small fleet (fits Starter $99),https://safer.fmcsa.dot.gov/query.asp?searchtype=ANY&query_type=queryCarrierSnapshot&query_param=USDOT&query_string=1279749
Starter,High,O F TRUCKING,DIAZ LOGISTICS INC,1547202,10,10,ORLANDO FERNANDEZ,2816422892,orlan1176@yahoo.com,BROOKSHIRE,TX,77423,6106 ADAMS FLAT RD,None listed,Yes,AUTHORIZED FOR HIRE,120,$99/mo Starter,Mention Monitor after trial activation,Expiration tracking + document vault for small fleet (fits Starter $99),https://safer.fmcsa.dot.gov/query.asp?searchtype=ANY&query_type=queryCarrierSnapshot&query_param=USDOT&query_string=1547202
Starter,High,JRD TRUCKING INC,JRD TRUCKING INC,1271527,10,10,JOSE RODAS,5712336149,rsolIs@taxamericaus.com,MANASSAS,VA,20109,9619 NORFOLK ST,None listed,No,AUTHORIZED FOR HIRE,120,$99/mo Starter,Mention Monitor after trial activation,Expiration tracking + document vault for small fleet (fits Starter $99),https://safer.fmcsa.dot.gov/query.asp?searchtype=ANY&query_type=queryCarrierSnapshot&query_param=USDOT&query_string=1271527
Starter,High,A OK TRANSPORTATION INC,A OK TRANSPORTATION INC,1845500,10,6,CHARLOTTE M SMITH,7573937860,noel@aoktransportation.com,PORTSMOUTH,VA,23704,2320 TURNPIKE RD,None listed,No,PRIVATE PROPERTY;AUTHORIZED FOR HIRE,120,$99/mo Starter,Mention Monitor after trial activation,Expiration tracking + document vault for small fleet (fits Starter $99),https://safer.fmcsa.dot.gov/query.asp?searchtype=ANY&query_type=queryCarrierSnapshot&query_param=USDOT&query_string=1845500
Starter,High,LIBERTY TRUCKING,LIBERTY TRUCKING LLC,2102070,10,10,DALJIT SINGH,8042326150,LIBERTYMARKET@GMAIL.COM,NORTH DINWIDDIE,VA,23803,25452 HOFHEIMER WAY,S,No,AUTHORIZED FOR HIRE,120,$99/mo Starter,Mention Monitor after trial activation,Expiration tracking + document vault for small fleet (fits Starter $99),https://safer.fmcsa.dot.gov/query.asp?searchtype=ANY&query_type=queryCarrierSnapshot&query_param=USDOT&query_string=2102070
Starter,High,DASH TRANSPORTATION,DASH TRANSPORTATION LLC,2169738,10,7,"DAVID  W. PERKINS, SR",2762270551,david@dashtransportation.com,WYTHEVILLE,VA,24382,840 STAFFORD UMBERGER DR,None listed,No,AUTHORIZED FOR HIRE,120,$99/mo Starter,Mention Monitor after trial activation,Expiration tracking + document vault for small fleet (fits Starter $99),https://safer.fmcsa.dot.gov/query.asp?searchtype=ANY&query_type=queryCarrierSnapshot&query_param=USDOT&query_string=2169738
Starter,High,ORCAS ISLAND FREIGHT LINES INC,ORCAS ISLAND FREIGHT LINES INC,8318,10,5,MADELINE A SHEPLOR,3603762303,msheplor@orcasfreight.com,EASTSOUND,WA,98245,34B WEST BEACH ROAD,None listed,No,AUTHORIZED FOR HIRE,120,$99/mo Starter,Mention Monitor after trial activation,Expiration tracking + document vault for small fleet (fits Starter $99),https://safer.fmcsa.dot.gov/query.asp?searchtype=ANY&query_type=queryCarrierSnapshot&query_param=USDOT&query_string=8318
Starter,High,LARRY TRAPP TRUCKING INC,LARRY TRAPP TRUCKING INC,13172,10,5,LUKE TRAPP,5096709072,LARRYTRAPPTRUCKING@GMAIL.COM,ORONDO,WA,98843,14042 STATE ROUTE 2,S,No,AUTHORIZED FOR HIRE,120,$99/mo Starter,Mention Monitor after trial activation,Expiration tracking + document vault for small fleet (fits Starter $99),https://safer.fmcsa.dot.gov/query.asp?searchtype=ANY&query_type=queryCarrierSnapshot&query_param=USDOT&query_string=13172
Starter,High,JOHN H KOOY TRUCKING INC,JOHN H KOOY TRUCKING INC,38466,10,10,JOHN H KOOY,3604748000,AKMUSCH@AOL.COM,ARLINGTON,WA,98223,18420 GREENOCK CT,S,No,AUTHORIZED FOR HIRE,120,$99/mo Starter,Mention Monitor after trial activation,Expiration tracking + document vault for small fleet (fits Starter $99),https://safer.fmcsa.dot.gov/query.asp?searchtype=ANY&query_type=queryCarrierSnapshot&query_param=USDOT&query_string=38466
Starter,High,WCI,WASHINGTON CARRIERS INC,66982,10,17,BETTY LOU BOERSMA,5094889627,kfoster@wacarriers.com,OTHELLO,WA,99344,1801 S BROADWAY,None listed,No,AUTHORIZED FOR HIRE,120,$99/mo Starter,Mention Monitor after trial activation,Expiration tracking + document vault for small fleet (fits Starter $99),https://safer.fmcsa.dot.gov/query.asp?searchtype=ANY&query_type=queryCarrierSnapshot&query_param=USDOT&query_string=66982
Starter,High,R & J TRANSPORT INC,R & J TRANSPORT INC,159870,10,10,RONALD J LESCHKE,9206833228,rleschke@rjtransportinc.com,MANITOWOC,WI,54220,608 N 41ST STREET,S,No,AUTHORIZED FOR HIRE,120,$99/mo Starter,Mention Monitor after trial activation,Expiration tracking + document vault for small fleet (fits Starter $99),https://safer.fmcsa.dot.gov/query.asp?searchtype=ANY&query_type=queryCarrierSnapshot&query_param=USDOT&query_string=159870
Starter,High,ZENITH EXPRESS,ZENITH EXPRESS INC,476990,10,22,PAUL  MADER,9203399630,info@zenith-express.com,GREEN BAY,WI,54304,3176 HOLMGREN WAY,None listed,No,AUTHORIZED FOR HIRE,120,$99/mo Starter,Mention Monitor after trial activation,Expiration tracking + document vault for small fleet (fits Starter $99),https://safer.fmcsa.dot.gov/query.asp?searchtype=ANY&query_type=queryCarrierSnapshot&query_param=USDOT&query_string=476990
Starter,High,EDEN TRUCKING INC,EDEN TRUCKING INC,701310,10,11,DAVID  BOTHE,9204772521,jillw@evstone.net,EDEN,WI,53019,W4520 LIME RD,None listed,Yes,AUTHORIZED FOR HIRE,120,$99/mo Starter,Mention Monitor after trial activation,Expiration tracking + document vault for small fleet (fits Starter $99),https://safer.fmcsa.dot.gov/query.asp?searchtype=ANY&query_type=queryCarrierSnapshot&query_param=USDOT&query_string=701310
Starter,High,FRANZEN TRUCKINGLLC,FRANZEN TRUCKINGLLC,732409,10,11,HENRY  P. FRANZEN,9204678520,hfranzen@franzentrucking.com,SHEBOYGAN FALLS,WI,53085,W3515 COUNTY ROAD C,S,No,AUTHORIZED FOR HIRE,120,$99/mo Starter,Mention Monitor after trial activation,Expiration tracking + document vault for small fleet (fits Starter $99),https://safer.fmcsa.dot.gov/query.asp?searchtype=ANY&query_type=queryCarrierSnapshot&query_param=USDOT&query_string=732409
Growth,High,ATG TRANSPORT LLC,ATG TRANSPORT LLC,2118344,50,50,MARK KESSLER,4802787245,ATGTRANSPORT@GMAIL.COM,MESA,AZ,85210,2150 S COUNTRY CLUB DR #22,None listed,Yes,AUTHORIZED FOR HIRE,120,$199/mo Growth,Offer DOT Record Monitor $29/mo,"CSA areas, reports, multi-user — growing fleet (fits Growth $199)",https://safer.fmcsa.dot.gov/query.asp?searchtype=ANY&query_type=queryCarrierSnapshot&query_param=USDOT&query_string=2118344
Growth,High,DIRECT FOCUS TRANSPORTATION,DFT LOGISTICS,2920682,48,35,MELVIN DENGA,4803769609,dftglobal@USA.COM,SCOTTSDALE,AZ,85251,7150 E CAMELBACK RD,None listed,No,PRIVATE PROPERTY;AUTHORIZED FOR HIRE,120,$199/mo Growth,Offer DOT Record Monitor $29/mo,"CSA areas, reports, multi-user — growing fleet (fits Growth $199)",https://safer.fmcsa.dot.gov/query.asp?searchtype=ANY&query_type=queryCarrierSnapshot&query_param=USDOT&query_string=2920682
Growth,High,STONE TRUCKING,SPENCER TRUCKING LLC,3279280,48,24,PATRICK  SPENCER,5202190498,mheberling@spencertrucks.com,TUCSON,AZ,85741,5330 N LA CHOLLA BLVD,None listed,Yes,PRIVATE PROPERTY;AUTHORIZED FOR HIRE,120,$199/mo Growth,Offer DOT Record Monitor $29/mo,"CSA areas, reports, multi-user — growing fleet (fits Growth $199)",https://safer.fmcsa.dot.gov/query.asp?searchtype=ANY&query_type=queryCarrierSnapshot&query_param=USDOT&query_string=3279280
Growth,High,B J CECIL TRUCKING INC,B J CECIL TRUCKING INC,118390,45,39,CHRIS  L CECIL,9284255781,jmcdougall@bjceciltrucking.com,GLOBE,AZ,85501,5550 S HOSPITAL DR,S,Yes,AUTHORIZED FOR HIRE,120,$199/mo Growth,Offer DOT Record Monitor $29/mo,"CSA areas, reports, multi-user — growing fleet (fits Growth $199)",https://safer.fmcsa.dot.gov/query.asp?searchtype=ANY&query_type=queryCarrierSnapshot&query_param=USDOT&query_string=118390
Growth,High,MAHAL BROS TRANSPORT INC,MAHAL BROS TRANSPORT INC,1292503,50,50,JASDEEP SINGH,6618367670,SAFETY@MAHALBROTHERS.COm,BAKERSFIELD,CA,93307,333 DANIELS LANE,None listed,No,AUTHORIZED FOR HIRE,120,$199/mo Growth,Offer DOT Record Monitor $29/mo,"CSA areas, reports, multi-user — growing fleet (fits Growth $199)",https://safer.fmcsa.dot.gov/query.asp?searchtype=ANY&query_type=queryCarrierSnapshot&query_param=USDOT&query_string=1292503
Growth,High,TREVIS BERRY TRANSPORTATION,TREVIS BERRY TRANSPORTATION,2955,49,45,DAVID D REYNOLDS,4088428238,info@trevisberry.com,GILROY,CA,95020,655 E LUCHESSA AVE,S,No,AUTHORIZED FOR HIRE,120,$199/mo Growth,Offer DOT Record Monitor $29/mo,"CSA areas, reports, multi-user — growing fleet (fits Growth $199)",https://safer.fmcsa.dot.gov/query.asp?searchtype=ANY&query_type=queryCarrierSnapshot&query_param=USDOT&query_string=2955
Growth,High,MDB TRANSPORTATION INC,MDB TRANSPORTATION INC,1021693,48,50,HAKOP  KHUDIKYAN,15629280668,info@mdbtransportation.com,COMPTON,CA,90222-1424,435 E WEBER AVE,None listed,No,AUTHORIZED FOR HIRE,120,$199/mo Growth,Offer DOT Record Monitor $29/mo,"CSA areas, reports, multi-user — growing fleet (fits Growth $199)",https://safer.fmcsa.dot.gov/query.asp?searchtype=ANY&query_type=queryCarrierSnapshot&query_param=USDOT&query_string=1021693
Growth,High,CR EXPRESS INC,CR EXPRESS INC,1536172,48,65,CARLOS ROBLES,9518980235,dispatch@cr-express.com,CORONA,CA,92880,7056 ARCHIBALD AVE #102301,S,No,AUTHORIZED FOR HIRE,120,$199/mo Growth,Offer DOT Record Monitor $29/mo,"CSA areas, reports, multi-user — growing fleet (fits Growth $199)",https://safer.fmcsa.dot.gov/query.asp?searchtype=ANY&query_type=queryCarrierSnapshot&query_param=USDOT&query_string=1536172
Growth,High,U-HAUL,U-HAUL COMPANY OF COLORADO,428523,40,81,YVETTE DALUZ,6022636811,GODFREY_HALL@UHAUL.COM,DENVER,CO,80229-6698,7540 YORK ST,S,No,PRIVATE PROPERTY;AUTHORIZED FOR HIRE,120,$199/mo Growth,Offer DOT Record Monitor $29/mo,"CSA areas, reports, multi-user — growing fleet (fits Growth $199)",https://safer.fmcsa.dot.gov/query.asp?searchtype=ANY&query_type=queryCarrierSnapshot&query_param=USDOT&query_string=428523
Growth,High,TWO MEN AND A TRUCK,TMT SPRINGS INC,997991,28,28,ERIC ST. PIERRE,7195766683,eric.st.pierre@twomen.com,COLORADO SPRINGS,CO,80907,3220 FILLMORE RIDGE HEIGHTS,S,No,AUTHORIZED FOR HIRE,120,$199/mo Growth,Offer DOT Record Monitor $29/mo,"CSA areas, reports, multi-user — growing fleet (fits Growth $199)",https://safer.fmcsa.dot.gov/query.asp?searchtype=ANY&query_type=queryCarrierSnapshot&query_param=USDOT&query_string=997991
Growth,High,TRIPLE E TRANSPORT LLC,TRIPLE E TRANSPORT LLC,2961230,26,23,EYOB  AREGA,7203250680,dispatch@tripleetransportllc.com,AURORA,CO,80016-6240,25251 E NOVA PL,None listed,No,AUTHORIZED FOR HIRE,120,$199/mo Growth,Offer DOT Record Monitor $29/mo,"CSA areas, reports, multi-user — growing fleet (fits Growth $199)",https://safer.fmcsa.dot.gov/query.asp?searchtype=ANY&query_type=queryCarrierSnapshot&query_param=USDOT&query_string=2961230
Growth,High,HOWARD LOGISTICS INC,HOWARD LOGISTICS INC,1624665,24,21,DAVID  MCWILLIAMS,3033402100,dave_mcwilliams@acmd.com,AURORA,CO,80011,18101 E COLFAX AVE,None listed,Yes,AUTHORIZED FOR HIRE,120,$199/mo Growth,Offer DOT Record Monitor $29/mo,"CSA areas, reports, multi-user — growing fleet (fits Growth $199)",https://safer.fmcsa.dot.gov/query.asp?searchtype=ANY&query_type=queryCarrierSnapshot&query_param=USDOT&query_string=1624665
Growth,High,HIGH QUALITY TRUCKING INC,HIGH QUALITY TRUCKING INC,1571543,48,37,JIMMY  LORENZO,3058820288,gonzalo@hqtrucking.com,MEDLEY,FL,33178,9830 NW 114TH WAY,S,Yes,AUTHORIZED FOR HIRE,120,$199/mo Growth,Offer DOT Record Monitor $29/mo,"CSA areas, reports, multi-user — growing fleet (fits Growth $199)",https://safer.fmcsa.dot.gov/query.asp?searchtype=ANY&query_type=queryCarrierSnapshot&query_param=USDOT&query_string=1571543
Growth,High,HOMELAND 1 LOGISTICS LLC,HOMELAND 1 LOGISTICS LLC,1576003,45,31,MICHAEL  CAVANAUGH,2194761304,jeff@us1logistics.com,PONTE VEDRA,FL,32081,203 FORT WADE RD SUITE 320,None listed,Yes,AUTHORIZED FOR HIRE,120,$199/mo Growth,Offer DOT Record Monitor $29/mo,"CSA areas, reports, multi-user — growing fleet (fits Growth $199)",https://safer.fmcsa.dot.gov/query.asp?searchtype=ANY&query_type=queryCarrierSnapshot&query_param=USDOT&query_string=1576003
Growth,High,CITRUS TRANSPORT LLC,CITRUS TRANSPORT LLC,1566060,40,38,ERIC MACK,9046836762,eric.mack@damespointlogistics.com,JACKSONVILLE,FL,32226,9850 NEW BERLIN ROAD,S,No,AUTHORIZED FOR HIRE,120,$199/mo Growth,Offer DOT Record Monitor $29/mo,"CSA areas, reports, multi-user — growing fleet (fits Growth $199)",https://safer.fmcsa.dot.gov/query.asp?searchtype=ANY&query_type=queryCarrierSnapshot&query_param=USDOT&query_string=1566060
Growth,High,RYDER TRANSPORT EXPRESS LLC,RYDER TRANSPORT EXPRESS LLC,9848,30,36,JAMES  FINLEY,7862471987,jfinley@ryder.com,CORAL GABLES,FL,33134,2333 PONCE DE LEON BLVD,S,No,AUTHORIZED FOR HIRE,120,$199/mo Growth,Offer DOT Record Monitor $29/mo,"CSA areas, reports, multi-user — growing fleet (fits Growth $199)",https://safer.fmcsa.dot.gov/query.asp?searchtype=ANY&query_type=queryCarrierSnapshot&query_param=USDOT&query_string=9848
Growth,High,SUPER K EXPRESS LLP,SUPER K EXPRESS LLP,1003677,48,45,JOE  A KNOWLES,6783649005,superkexpress@yahoo.com,NEWNAN,GA,30263,369  HWY 16 WEST SUITE K,None listed,Yes,AUTHORIZED FOR HIRE,120,$199/mo Growth,Offer DOT Record Monitor $29/mo,"CSA areas, reports, multi-user — growing fleet (fits Growth $199)",https://safer.fmcsa.dot.gov/query.asp?searchtype=ANY&query_type=queryCarrierSnapshot&query_param=USDOT&query_string=1003677
Growth,High,HAZEL TRUCKING COMPANY LLC,HAZEL TRUCKING COMPANY LLC,1602408,44,32,MICHAEL GILBERT,4787432111,MGILBERT@HAZELTRUCKING.COM,MACON,GA,31211,1353 HIGHWAY 49 NORTH,None listed,No,AUTHORIZED FOR HIRE,120,$199/mo Growth,Offer DOT Record Monitor $29/mo,"CSA areas, reports, multi-user — growing fleet (fits Growth $199)",https://safer.fmcsa.dot.gov/query.asp?searchtype=ANY&query_type=queryCarrierSnapshot&query_param=USDOT&query_string=1602408
Growth,High,RSC LOGISTICS LLC,RSC LOGISTICS LLC,1549457,41,35,R. STEVIE CANNADY,9127489288,Stevie@rsclogistics.com,POOLER,GA,31322,244 PINE BARREN ROAD,S,No,AUTHORIZED FOR HIRE,120,$199/mo Growth,Offer DOT Record Monitor $29/mo,"CSA areas, reports, multi-user — growing fleet (fits Growth $199)",https://safer.fmcsa.dot.gov/query.asp?searchtype=ANY&query_type=queryCarrierSnapshot&query_param=USDOT&query_string=1549457
Growth,High,BOSS HEAVY HAUL LLC,BOSS HEAVY HAUL LLC,82903,40,38,KEITH  COPELAND,7709571866,carlos.evans@bossheavyhaul.com,MCDONOUGH,GA,30253,1003 INDUSTRIAL PARKWAY,S,No,PRIVATE PROPERTY;AUTHORIZED FOR HIRE,120,$199/mo Growth,Offer DOT Record Monitor $29/mo,"CSA areas, reports, multi-user — growing fleet (fits Growth $199)",https://safer.fmcsa.dot.gov/query.asp?searchtype=ANY&query_type=queryCarrierSnapshot&query_param=USDOT&query_string=82903
Growth,High,MONROE TRANSPORTATION SERVICES INC,MONROE TRANSPORTATION SERVICES INC,131898,50,40,JACK SWIERENGA,6305434650,nate@MONROE-TRANS.COM,ADDISON,IL,60101,1051 SOUTH WESTWOOD AVE,S,Yes,AUTHORIZED FOR HIRE,120,$199/mo Growth,Offer DOT Record Monitor $29/mo,"CSA areas, reports, multi-user — growing fleet (fits Growth $199)",https://safer.fmcsa.dot.gov/query.asp?searchtype=ANY&query_type=queryCarrierSnapshot&query_param=USDOT&query_string=131898
Growth,High,SCHIBER TRUCK CO INC,SCHIBER TRUCK CO INC,164297,50,40,NEIL MCINNIS,6182542514,casey@schiber.com,HARTFORD,IL,62048,1701 S DELMAR,S,Yes,AUTHORIZED FOR HIRE,120,$199/mo Growth,Offer DOT Record Monitor $29/mo,"CSA areas, reports, multi-user — growing fleet (fits Growth $199)",https://safer.fmcsa.dot.gov/query.asp?searchtype=ANY&query_type=queryCarrierSnapshot&query_param=USDOT&query_string=164297
Growth,High,DIBBLE TRUCKING INC,DIBBLE TRUCKING INC,465872,50,55,RONALD B DIBBLE JR,8152376001,Jdibble@dibbletrucking.com,GARDNER,IL,60424,7505 S US HWY 66,S,Yes,AUTHORIZED FOR HIRE,120,$199/mo Growth,Offer DOT Record Monitor $29/mo,"CSA areas, reports, multi-user — growing fleet (fits Growth $199)",https://safer.fmcsa.dot.gov/query.asp?searchtype=ANY&query_type=queryCarrierSnapshot&query_param=USDOT&query_string=465872
Growth,High,PYH EXPRESS INC,PYH EXPRESS INC,2154262,50,48,PETRO  HARBAR,6304026394,pyhexpress@gmail.com,ROMEOVILLE,IL,60446,1024 MONTEGO BAY COURT,None listed,No,AUTHORIZED FOR HIRE,120,$199/mo Growth,Offer DOT Record Monitor $29/mo,"CSA areas, reports, multi-user — growing fleet (fits Growth $199)",https://safer.fmcsa.dot.gov/query.asp?searchtype=ANY&query_type=queryCarrierSnapshot&query_param=USDOT&query_string=2154262
Growth,High,KINGS TRUCKING & EXCAVATION INC,KINGS TRUCKING & EXCAVATION INC,953975,50,48,LINDA KING,8125226973,LINDA@KINGSTRUCKING.NET,SEYMOUR,IN,47274,9804 E CO RD 800 N,None listed,No,PRIVATE PROPERTY;AUTHORIZED FOR HIRE,120,$199/mo Growth,Offer DOT Record Monitor $29/mo,"CSA areas, reports, multi-user — growing fleet (fits Growth $199)",https://safer.fmcsa.dot.gov/query.asp?searchtype=ANY&query_type=queryCarrierSnapshot&query_param=USDOT&query_string=953975
Growth,High,JACK GRAY TRANSPORT INC,JACK GRAY TRANSPORT INC,125448,45,45,JAMES  PISTELLO,2199387020,safety@jackgray.com,GARY,IN,46403-9072,4600 EAST 15TH AVE,S,Yes,AUTHORIZED FOR HIRE,120,$199/mo Growth,Offer DOT Record Monitor $29/mo,"CSA areas, reports, multi-user — growing fleet (fits Growth $199)",https://safer.fmcsa.dot.gov/query.asp?searchtype=ANY&query_type=queryCarrierSnapshot&query_param=USDOT&query_string=125448
Growth,High,REDIEHS FREIGHTLINES INC,REDIEHS FREIGHTLINES INC,1290599,45,45,KERMIT  BRYAN,2197878868,linda@truckinit.com,PORTAGE,IN,46368,1201 MARINE VIEW STREET,S,No,AUTHORIZED FOR HIRE,120,$199/mo Growth,Offer DOT Record Monitor $29/mo,"CSA areas, reports, multi-user — growing fleet (fits Growth $199)",https://safer.fmcsa.dot.gov/query.asp?searchtype=ANY&query_type=queryCarrierSnapshot&query_param=USDOT&query_string=1290599
Growth,High,TRANSCEND TRANSPORT INC,TRANSCEND TRANSPORT INC,98946,42,39,JAHALA FOSTER,5748762052,JAHALA.FOSTER@TRANSCENDTRANSPORT.NET,SOUTH BEND,IN,46619,2515 TUCKER DR,S,No,AUTHORIZED FOR HIRE,120,$199/mo Growth,Offer DOT Record Monitor $29/mo,"CSA areas, reports, multi-user — growing fleet (fits Growth $199)",https://safer.fmcsa.dot.gov/query.asp?searchtype=ANY&query_type=queryCarrierSnapshot&query_param=USDOT&query_string=98946
Growth,High,REBEL FREIGHT SERVICES LLC,REBEL FREIGHT SERVICES LLC,114778,47,41,SHANNON  WALLACE,2484426801,swallace@camacollc.com,BINGHAM FARMS,MI,48025,30600 TELEGRAPH ROAD STE 2175,S,No,AUTHORIZED FOR HIRE,120,$199/mo Growth,Offer DOT Record Monitor $29/mo,"CSA areas, reports, multi-user — growing fleet (fits Growth $199)",https://safer.fmcsa.dot.gov/query.asp?searchtype=ANY&query_type=queryCarrierSnapshot&query_param=USDOT&query_string=114778
Growth,High,MASSMAN TRUCKING INC,MASSMAN TRUCKING INC,114381,44,48,NATHAN  MOREHOUSE,5173324006,massmantrucking@aol.com,OKEMOS,MI,48864,3403 JAMES PHILLIPS DR,None listed,No,AUTHORIZED FOR HIRE,120,$199/mo Growth,Offer DOT Record Monitor $29/mo,"CSA areas, reports, multi-user — growing fleet (fits Growth $199)",https://safer.fmcsa.dot.gov/query.asp?searchtype=ANY&query_type=queryCarrierSnapshot&query_param=USDOT&query_string=114381
Growth,High,FOREWAY TRANSPORTATION INC,FOREWAY TRANSPORTATION INC,158045,44,42,PAMELA HASSEVOORT,6169979771,MATTG@FOREWAY.COM,COOPERSVILLE,MI,49404,1413 WEST RANDALL ROAD,S,No,AUTHORIZED FOR HIRE,120,$199/mo Growth,Offer DOT Record Monitor $29/mo,"CSA areas, reports, multi-user — growing fleet (fits Growth $199)",https://safer.fmcsa.dot.gov/query.asp?searchtype=ANY&query_type=queryCarrierSnapshot&query_param=USDOT&query_string=158045
Growth,High,RYAN TRANSPORTATION INC,RYAN TRANSPORTATION INC,724206,43,28,MARK WESLEY,7343672320,DMCGILL@RYANTRANSPORTATION.COM,LIVONIA,MI,48150,12300 FARMINGTON ROAD,S,Yes,AUTHORIZED FOR HIRE,120,$199/mo Growth,Offer DOT Record Monitor $29/mo,"CSA areas, reports, multi-user — growing fleet (fits Growth $199)",https://safer.fmcsa.dot.gov/query.asp?searchtype=ANY&query_type=queryCarrierSnapshot&query_param=USDOT&query_string=724206
Growth,High,BRAVO LOGISTICS LLC,BRAVO LOGISTICS LLC,3268673,50,50,NODIRBEK YULDOSHEV,3145005515,SAFETY@BRAVOLOGISTICS.US,MANCHESTER,MO,63021,128 ENCHANTED PKWY STE 109,S,No,AUTHORIZED FOR HIRE,120,$199/mo Growth,Offer DOT Record Monitor $29/mo,"CSA areas, reports, multi-user — growing fleet (fits Growth $199)",https://safer.fmcsa.dot.gov/query.asp?searchtype=ANY&query_type=queryCarrierSnapshot&query_param=USDOT&query_string=3268673
Growth,High,PULSE TRANSPORTATION SERVICES INC,PULSE TRANSPORTATION SERVICES INC,694248,49,44,STEPHEN PULSE,8162311612,michael.b@pulselogistics.com,INDEPENDENCE,MO,64058,1600 N 291 HWY UNIT# 965,S,Yes,AUTHORIZED FOR HIRE,120,$199/mo Growth,Offer DOT Record Monitor $29/mo,"CSA areas, reports, multi-user — growing fleet (fits Growth $199)",https://safer.fmcsa.dot.gov/query.asp?searchtype=ANY&query_type=queryCarrierSnapshot&query_param=USDOT&query_string=694248
Growth,High,ARTUR EXPRESS FREIGHT SERVICES LLC,ARTUR EXPRESS FREIGHT SERVICES LLC,1029771,49,45,ARTUR WAGRODZKI,3147143400,safety@arturexpress.com,HAZELWOOD,MO,63042,4824 PARK 370 BLVD,S,No,OTHER-UNKNOWN;AUTHORIZED FOR HIRE,120,$199/mo Growth,Offer DOT Record Monitor $29/mo,"CSA areas, reports, multi-user — growing fleet (fits Growth $199)",https://safer.fmcsa.dot.gov/query.asp?searchtype=ANY&query_type=queryCarrierSnapshot&query_param=USDOT&query_string=1029771
Growth,High,REN POTTERFIELD TRUCKING INC,REN POTTERFIELD TRUCKING INC,133038,46,24,PHILLIP  POTTERFIELD,5737354528,dispatch@renpotterfield.com,MONROE CITY,MO,63456,404 US HWY 24 &36 EAST,S,Yes,AUTHORIZED FOR HIRE,120,$199/mo Growth,Offer DOT Record Monitor $29/mo,"CSA areas, reports, multi-user — growing fleet (fits Growth $199)",https://safer.fmcsa.dot.gov/query.asp?searchtype=ANY&query_type=queryCarrierSnapshot&query_param=USDOT&query_string=133038
Growth,High,GLEN RAVEN LOGISTICS,GLEN RAVEN LOGISTICS INC,108355,47,51,DAN COX,8007290081,dcox@glenraven.com,ALTAMAHAW,NC,27202,3726 ALTAMAHAW UNION RIDGE ROAD,S,Yes,AUTHORIZED FOR HIRE,120,$199/mo Growth,Offer DOT Record Monitor $29/mo,"CSA areas, reports, multi-user — growing fleet (fits Growth $199)",https://safer.fmcsa.dot.gov/query.asp?searchtype=ANY&query_type=queryCarrierSnapshot&query_param=USDOT&query_string=108355
Growth,High,WHITLEY LOGISTICS INC,WHITLEY LOGISTICS INC,1338406,46,55,RICK  COATES,9197739210,gfinch@cltransport.us,RALEIGH,NC,27603,6117 FAYETTEVILLE RD,None listed,Yes,AUTHORIZED FOR HIRE,120,$199/mo Growth,Offer DOT Record Monitor $29/mo,"CSA areas, reports, multi-user — growing fleet (fits Growth $199)",https://safer.fmcsa.dot.gov/query.asp?searchtype=ANY&query_type=queryCarrierSnapshot&query_param=USDOT&query_string=1338406
Growth,High,MARLIN TRANSPORT LLC,MARLIN TRANSPORT LLC,1013846,45,42,"ROBERT  L. STALLINGS, IV",2526330066,will@easternaviationfuels.com,NEW BERN,NC,28562,601 MCCARTHY BLVD,None listed,Yes,AUTHORIZED FOR HIRE,120,$199/mo Growth,Offer DOT Record Monitor $29/mo,"CSA areas, reports, multi-user — growing fleet (fits Growth $199)",https://safer.fmcsa.dot.gov/query.asp?searchtype=ANY&query_type=queryCarrierSnapshot&query_param=USDOT&query_string=1013846
Growth,High,SERVICE FIRST EXPRESS INC,SERVICE FIRST EXPRESS INC,1326554,45,40,MARK MALCOM,3366509986,bud@sfews.com,WINSTON SALEM,NC,27107,4182 OVERDALE RD,S,No,AUTHORIZED FOR HIRE,120,$199/mo Growth,Offer DOT Record Monitor $29/mo,"CSA areas, reports, multi-user — growing fleet (fits Growth $199)",https://safer.fmcsa.dot.gov/query.asp?searchtype=ANY&query_type=queryCarrierSnapshot&query_param=USDOT&query_string=1326554
Growth,High,KABUKI TRANSPORTATION INC,KABUKI TRANSPORTATION INC,3510951,50,50,ABBOS AKIMOV,3479028818,inckabuki@gmail.com,HOWELL TOWNSHI,NJ,07731,789 HULSES CORNER RD,None listed,No,AUTHORIZED FOR HIRE,120,$199/mo Growth,Offer DOT Record Monitor $29/mo,"CSA areas, reports, multi-user — growing fleet (fits Growth $199)",https://safer.fmcsa.dot.gov/query.asp?searchtype=ANY&query_type=queryCarrierSnapshot&query_param=USDOT&query_string=3510951
Growth,High,MECCA & SON TRUCKING CORP,MECCA & SON TRUCKING CORP,39632,48,37,PEGGY  MECCA,2017925866,safety1@meccatrucking.com,JERSEY CITY,NJ,07310,580 LUIS MUNOZ MARIN BOULEVARD,S,Yes,AUTHORIZED FOR HIRE,120,$199/mo Growth,Offer DOT Record Monitor $29/mo,"CSA areas, reports, multi-user — growing fleet (fits Growth $199)",https://safer.fmcsa.dot.gov/query.asp?searchtype=ANY&query_type=queryCarrierSnapshot&query_param=USDOT&query_string=39632
Growth,High,LIEDTKA LOGISTICS LLC,LIEDTKA LOGISTICS LLC,49022,48,48,PATRICK A. GALLAGHER,8008376514,compliancedepartment@pgttrucking.com,TRENTON,NJ,08610,110 PATTERSON AVENUE,S,No,AUTHORIZED FOR HIRE,120,$199/mo Growth,Offer DOT Record Monitor $29/mo,"CSA areas, reports, multi-user — growing fleet (fits Growth $199)",https://safer.fmcsa.dot.gov/query.asp?searchtype=ANY&query_type=queryCarrierSnapshot&query_param=USDOT&query_string=49022
Growth,High,JRA LOGISTIC TRANSPORTATION CORP,JRA LOGISTIC TRANSPORTATION CORP,3253886,48,48,JACQUELINE  DIAZ MURIEL,9148793769,jralogisticstcorp@gmail.com,ELIZABETH,NJ,07201,1077 NORTH AVE,None listed,No,AUTHORIZED FOR HIRE,120,$199/mo Growth,Offer DOT Record Monitor $29/mo,"CSA areas, reports, multi-user — growing fleet (fits Growth $199)",https://safer.fmcsa.dot.gov/query.asp?searchtype=ANY&query_type=queryCarrierSnapshot&query_param=USDOT&query_string=3253886
Growth,High,OWENS TRUCKMEN INC,OWENS TRUCKMEN INC,693159,50,50,KENNY OWENS,5166128765,kenny@owenstruckmen.com,LYNBROOK,NY,11563,3 HUNTINGTON AVE,None listed,Yes,AUTHORIZED FOR HIRE,120,$199/mo Growth,Offer DOT Record Monitor $29/mo,"CSA areas, reports, multi-user — growing fleet (fits Growth $199)",https://safer.fmcsa.dot.gov/query.asp?searchtype=ANY&query_type=queryCarrierSnapshot&query_param=USDOT&query_string=693159
Growth,High,BARR TRANSPORTATION,BARR TRANSPORTATION CORP,142787,38,38,JAMES PHELPS,3152584274,BARRTRANSPORTATION3@GMAIL.COM,AUBURN,NY,13021,174 YORK STREET,S,No,AUTHORIZED FOR HIRE,120,$199/mo Growth,Offer DOT Record Monitor $29/mo,"CSA areas, reports, multi-user — growing fleet (fits Growth $199)",https://safer.fmcsa.dot.gov/query.asp?searchtype=ANY&query_type=queryCarrierSnapshot&query_param=USDOT&query_string=142787
Growth,High,DIMON AND SONS TRANSPORTATION CORPORATION,DIMON AND SONS TRANSPORTATION CORPORATION,94352,27,18,JESSICA CARY,6077342937,jcary@DIMONANDBACORN.COM,ELMIRA,NY,14901-1798,93 INDUSTRIAL PARK BLVD,S,No,AUTHORIZED FOR HIRE,120,$199/mo Growth,Offer DOT Record Monitor $29/mo,"CSA areas, reports, multi-user — growing fleet (fits Growth $199)",https://safer.fmcsa.dot.gov/query.asp?searchtype=ANY&query_type=queryCarrierSnapshot&query_param=USDOT&query_string=94352
Growth,High,ELLISTOWN TRANSPORTATION INC,ELLISTOWN TRANSPORTATION INC,976980,25,25,JENNIFER SINDONI,6075658151,jennifers@statelineauto.com,WAVERLY,NY,14892,830 TALMADGE HILL RD,None listed,No,AUTHORIZED FOR HIRE,120,$199/mo Growth,Offer DOT Record Monitor $29/mo,"CSA areas, reports, multi-user — growing fleet (fits Growth $199)",https://safer.fmcsa.dot.gov/query.asp?searchtype=ANY&query_type=queryCarrierSnapshot&query_param=USDOT&query_string=976980
Growth,High,R D F LOGISTICS INC,R D F LOGISTICS INC,975604,50,51,CALEB  BRUMLEY,4402829060,cbrumley@rdflogistics.com,LORAIN,OH,44053,7425 INDUSTRIAL PARKWAY,S,Yes,AUTHORIZED FOR HIRE,120,$199/mo Growth,Offer DOT Record Monitor $29/mo,"CSA areas, reports, multi-user — growing fleet (fits Growth $199)",https://safer.fmcsa.dot.gov/query.asp?searchtype=ANY&query_type=queryCarrierSnapshot&query_param=USDOT&query_string=975604
Growth,High,THOMAS A HUNEYCUTT TRUCKING INC,THOMAS A HUNEYCUTT TRUCKING INC,1288693,50,80,RASULOVA  KHILOLA,3304743006,thomasahuneycutt@gmail.com,MEDINA,OH,44256,2425 MEDINA RD STE 117,None listed,No,AUTHORIZED FOR HIRE,120,$199/mo Growth,Offer DOT Record Monitor $29/mo,"CSA areas, reports, multi-user — growing fleet (fits Growth $199)",https://safer.fmcsa.dot.gov/query.asp?searchtype=ANY&query_type=queryCarrierSnapshot&query_param=USDOT&query_string=1288693
Growth,High,NEW WAY TRANSPORT LLC,NEW WAY TRANSPORT LLC,3496366,50,75,JAKHONGIR  ZAKURLAEV,8554404477,dispatch@newwaytransportllc.com,AKRON,OH,44310,1918 BUCHHOLZER BLVD,None listed,Yes,AUTHORIZED FOR HIRE,120,$199/mo Growth,Offer DOT Record Monitor $29/mo,"CSA areas, reports, multi-user — growing fleet (fits Growth $199)",https://safer.fmcsa.dot.gov/query.asp?searchtype=ANY&query_type=queryCarrierSnapshot&query_param=USDOT&query_string=3496366
Growth,High,MMAR LOGISTICS LLC,MMAR LOGISTICS LLC,3503296,50,50,MUSTAFA SAMAAN,6146151201,MMARLOGISTICSLLC@GMAIL.COM,GALLOWAY,OH,43119,6048 ROTHCHESTER DR,None listed,No,AUTHORIZED FOR HIRE,120,$199/mo Growth,Offer DOT Record Monitor $29/mo,"CSA areas, reports, multi-user — growing fleet (fits Growth $199)",https://safer.fmcsa.dot.gov/query.asp?searchtype=ANY&query_type=queryCarrierSnapshot&query_param=USDOT&query_string=3503296
Growth,High,S & M TRUCK LINE INC,S & M TRUCK LINE INC,62143,50,36,TERRI ZOLLNER,5034636818,TERRI@smtransportation.com,SALEM,OR,97305,4937 INDIAN SCHOOL RD,S,No,AUTHORIZED FOR HIRE,120,$199/mo Growth,Offer DOT Record Monitor $29/mo,"CSA areas, reports, multi-user — growing fleet (fits Growth $199)",https://safer.fmcsa.dot.gov/query.asp?searchtype=ANY&query_type=queryCarrierSnapshot&query_param=USDOT&query_string=62143
Growth,High,SCHURTER TRUCKING LLC,SCHURTER TRUCKING LLC,760057,50,41,TIMOTHY E. SCHURTER,5039328007,SCHURTERTRUCKING@GMAIL.COM,SILVERTON,OR,97381,5174 SHANNON RD NE,S,No,OTHER-FOR HIRE;PRIVATE PROPERTY;AUTHORIZED FOR HIRE;EXEMPT FOR HIRE,120,$199/mo Growth,Offer DOT Record Monitor $29/mo,"CSA areas, reports, multi-user — growing fleet (fits Growth $199)",https://safer.fmcsa.dot.gov/query.asp?searchtype=ANY&query_type=queryCarrierSnapshot&query_param=USDOT&query_string=760057
Growth,High,WESTERN MOUNTAIN TRANSPORT INC,WESTERN MOUNTAIN TRANSPORT INC,452417,38,25,RICHARD  INMAN,5036786293,dispatch@westernmountaintransport.com,AURORA,OR,97002,21595 DOLORES WAY NE,None listed,No,AUTHORIZED FOR HIRE,120,$199/mo Growth,Offer DOT Record Monitor $29/mo,"CSA areas, reports, multi-user — growing fleet (fits Growth $199)",https://safer.fmcsa.dot.gov/query.asp?searchtype=ANY&query_type=queryCarrierSnapshot&query_param=USDOT&query_string=452417
Growth,High,U-HAUL AND U BOX OF OREGON,U-HAUL CO OF OREGON,428553,35,59,KYLE CAMPION,6022636811,GODFREY_HALL@UHAUL.COM,PORTLAND,OR,97086,11711 SE 82ND AVE,None listed,No,PRIVATE PROPERTY;AUTHORIZED FOR HIRE,120,$199/mo Growth,Offer DOT Record Monitor $29/mo,"CSA areas, reports, multi-user — growing fleet (fits Growth $199)",https://safer.fmcsa.dot.gov/query.asp?searchtype=ANY&query_type=queryCarrierSnapshot&query_param=USDOT&query_string=428553
Growth,High,GFI TRANSPORT COM,GARBER FARMS INC,473918,48,60,RYAN GARBER,7176530432,ryan@gfitransport.com,MOUNT JOY,PA,17552,860 MILTON GROVE RD,S,No,AUTHORIZED FOR HIRE,120,$199/mo Growth,Offer DOT Record Monitor $29/mo,"CSA areas, reports, multi-user — growing fleet (fits Growth $199)",https://safer.fmcsa.dot.gov/query.asp?searchtype=ANY&query_type=queryCarrierSnapshot&query_param=USDOT&query_string=473918
Growth,High,SPRAGUE TRANSPORT LLC,SPRAGUE TRANSPORT LLC,2109724,48,42,JOE SMITH,7247057028,ckleinhans@spragueENERGY.com,WASHINGTON,PA,15301,1045 WEST CHESTNUT STREET,None listed,Yes,AUTHORIZED FOR HIRE,120,$199/mo Growth,Offer DOT Record Monitor $29/mo,"CSA areas, reports, multi-user — growing fleet (fits Growth $199)",https://safer.fmcsa.dot.gov/query.asp?searchtype=ANY&query_type=queryCarrierSnapshot&query_param=USDOT&query_string=2109724
Growth,High,TIS LOGISTICS INC,TIS LOGISTICS INC,2135472,47,36,JOHN MELFI,2157361373,TISLogistics@tollbrothers.com,MORRISVILLE,PA,19067,449 S PENNSYLVANIA AVE,None listed,No,PRIVATE PROPERTY;AUTHORIZED FOR HIRE,120,$199/mo Growth,Offer DOT Record Monitor $29/mo,"CSA areas, reports, multi-user — growing fleet (fits Growth $199)",https://safer.fmcsa.dot.gov/query.asp?searchtype=ANY&query_type=queryCarrierSnapshot&query_param=USDOT&query_string=2135472
Growth,High,MOORE TRUCKING LLC,MOORE TRUCKING LLC,1552705,46,45,CHRISTOPHER MOORE,5709168870,MOORETRUCKING08@YAHOO.COM,CANTON,PA,17724,238 SUNSET RD,None listed,No,AUTHORIZED FOR HIRE,120,$199/mo Growth,Offer DOT Record Monitor $29/mo,"CSA areas, reports, multi-user — growing fleet (fits Growth $199)",https://safer.fmcsa.dot.gov/query.asp?searchtype=ANY&query_type=queryCarrierSnapshot&query_param=USDOT&query_string=1552705
Growth,High,PIR EXPRESS INC,PIR EXPRESS INC,3492655,45,48,SADULLA  MIRAKHMEDOV,6156511914,sadish122@gmail.com,BRENTWOOD,TN,37027,1708 MONTCLAIR BLVD,None listed,No,AUTHORIZED FOR HIRE,120,$199/mo Growth,Offer DOT Record Monitor $29/mo,"CSA areas, reports, multi-user — growing fleet (fits Growth $199)",https://safer.fmcsa.dot.gov/query.asp?searchtype=ANY&query_type=queryCarrierSnapshot&query_param=USDOT&query_string=3492655
Growth,High,U-HAUL,U-HAUL CO OF TENNESSEE,428462,44,81,LORI SHOWN,6022636811,gODFREY_HALL@uhaul.com,MADISON,TN,37115,1515 GALLATIN PIKE N,None listed,No,PRIVATE PROPERTY;AUTHORIZED FOR HIRE,120,$199/mo Growth,Offer DOT Record Monitor $29/mo,"CSA areas, reports, multi-user — growing fleet (fits Growth $199)",https://safer.fmcsa.dot.gov/query.asp?searchtype=ANY&query_type=queryCarrierSnapshot&query_param=USDOT&query_string=428462
Growth,High,SOUTHERN CARRIERS INC,SOUTHERN CARRIERS INC,878741,42,42,MICHAEL  JEANSONNE,9312708055,dispatch@southerncarriers.com,LEWISBURG,TN,37091,107 FIRST AVE SOUTH,None listed,No,AUTHORIZED FOR HIRE,120,$199/mo Growth,Offer DOT Record Monitor $29/mo,"CSA areas, reports, multi-user — growing fleet (fits Growth $199)",https://safer.fmcsa.dot.gov/query.asp?searchtype=ANY&query_type=queryCarrierSnapshot&query_param=USDOT&query_string=878741
Growth,High,CRYSTAL REFRIGERATED EXPRESS,WILLIAMS SAUSAGE COMPANY INC,96980,41,41,MARY  BILLINGSLEY,7318861350,emily.billingsley@tyson.com,UNION CITY,TN,38261,4009 GREENFIELD DRIVE,S,No,PRIVATE PROPERTY;AUTHORIZED FOR HIRE,120,$199/mo Growth,Offer DOT Record Monitor $29/mo,"CSA areas, reports, multi-user — growing fleet (fits Growth $199)",https://safer.fmcsa.dot.gov/query.asp?searchtype=ANY&query_type=queryCarrierSnapshot&query_param=USDOT&query_string=96980
Growth,High,SCORPION EXPRESS INC,SCORPION EXPRESS INC,723290,50,50,BURNETT BLAYLOCK JR,8178569682,scorpionexpressinc1@yahoo.com,GRAND PRAIRIE,TX,75052,2955 ALOUETTE DR #313,None listed,No,AUTHORIZED FOR HIRE,120,$199/mo Growth,Offer DOT Record Monitor $29/mo,"CSA areas, reports, multi-user — growing fleet (fits Growth $199)",https://safer.fmcsa.dot.gov/query.asp?searchtype=ANY&query_type=queryCarrierSnapshot&query_param=USDOT&query_string=723290
Growth,High,HOWL TRANSPORTATION LLC,HOWL TRANSPORTATION LLC,1266953,50,53,DARRYL  B. BLANCO,9157901107,dblanco@howltransportation.com,EL PASO,TX,79936,11528 CONFEDERATE ROAD,S,No,AUTHORIZED FOR HIRE,120,$199/mo Growth,Offer DOT Record Monitor $29/mo,"CSA areas, reports, multi-user — growing fleet (fits Growth $199)",https://safer.fmcsa.dot.gov/query.asp?searchtype=ANY&query_type=queryCarrierSnapshot&query_param=USDOT&query_string=1266953
Growth,High,OMC CARRIERS LLC,OMC CARRIERS LLC,1281837,50,50,GUILLERMO  PEREZ,9566306173,fpaez@olympictransport.com,PHARR,TX,78577,704 MOZELLE ST,None listed,No,AUTHORIZED FOR HIRE,120,$199/mo Growth,Offer DOT Record Monitor $29/mo,"CSA areas, reports, multi-user — growing fleet (fits Growth $199)",https://safer.fmcsa.dot.gov/query.asp?searchtype=ANY&query_type=queryCarrierSnapshot&query_param=USDOT&query_string=1281837
Growth,High,ENG TRANSPORTATION INC,ENG TRANSPORTATION INC,1829197,50,50,YOHANIS GEBREMICHEL,9723319393,DANNY@ENGTRANSPORTATION.COM,DALLAS,TX,75238,10905 SANDEN DR,S,No,AUTHORIZED FOR HIRE,120,$199/mo Growth,Offer DOT Record Monitor $29/mo,"CSA areas, reports, multi-user — growing fleet (fits Growth $199)",https://safer.fmcsa.dot.gov/query.asp?searchtype=ANY&query_type=queryCarrierSnapshot&query_param=USDOT&query_string=1829197
Growth,High,D D & D TRUCKING LLC,D D & D TRUCKING LLC,2539514,43,39,DENNIS GARDNER,4348474353,JENNIFER@DDDTRUCKING.COM,LYNCHBURG,VA,24504,5205 PLEASANT VALLEY RD,None listed,No,AUTHORIZED FOR HIRE,120,$199/mo Growth,Offer DOT Record Monitor $29/mo,"CSA areas, reports, multi-user — growing fleet (fits Growth $199)",https://safer.fmcsa.dot.gov/query.asp?searchtype=ANY&query_type=queryCarrierSnapshot&query_param=USDOT&query_string=2539514
Growth,High,UFS,UNITED FREIGHT SERVICE INC,3795157,40,36,MAKSYM  ARMASH,8332036106,dispatch@ufservice.com,PETERSBURG,VA,23805,3830 CORPORATE RD,None listed,Yes,PRIVATE PROPERTY;AUTHORIZED FOR HIRE,120,$199/mo Growth,Offer DOT Record Monitor $29/mo,"CSA areas, reports, multi-user — growing fleet (fits Growth $199)",https://safer.fmcsa.dot.gov/query.asp?searchtype=ANY&query_type=queryCarrierSnapshot&query_param=USDOT&query_string=3795157
Growth,High,BURGESS TRUCKING COMPANY INC,BURGESS TRUCKING COMPANY INC,157400,36,31,CECIL  BURGESS,7576539461,burgesstrucking@verizon.net,COURTLAND,VA,23837,21583 GOVERNOR DARDEN ROAD,S,No,AUTHORIZED FOR HIRE,120,$199/mo Growth,Offer DOT Record Monitor $29/mo,"CSA areas, reports, multi-user — growing fleet (fits Growth $199)",https://safer.fmcsa.dot.gov/query.asp?searchtype=ANY&query_type=queryCarrierSnapshot&query_param=USDOT&query_string=157400
Growth,High,ACCURATE COURIER EXPRESS,ACCURATE COURIER EXPRESS INC,905947,35,30,KEVIN  RUSSELL   JENNIFER TUCKER,8043548880,kevin@accuratecourierexpress.com,N CHESTERFIELD,VA,23234,5500 JEFFERSON DAVIS HWY,S,Yes,AUTHORIZED FOR HIRE,120,$199/mo Growth,Offer DOT Record Monitor $29/mo,"CSA areas, reports, multi-user — growing fleet (fits Growth $199)",https://safer.fmcsa.dot.gov/query.asp?searchtype=ANY&query_type=queryCarrierSnapshot&query_param=USDOT&query_string=905947
Growth,High,GABE TRUCKING LLC,GABE TRUCKING LLC,2111616,50,45,PETRU COJOCARU,8722186868,GABETRUCKING2020@GMAIL.COM,VANCOUVER,WA,98661,3605 NE 43RD ST,S,No,AUTHORIZED FOR HIRE,120,$199/mo Growth,Offer DOT Record Monitor $29/mo,"CSA areas, reports, multi-user — growing fleet (fits Growth $199)",https://safer.fmcsa.dot.gov/query.asp?searchtype=ANY&query_type=queryCarrierSnapshot&query_param=USDOT&query_string=2111616
Growth,High,EXTREME TRANSPORT LLC,EXTREME TRANSPORT LLC,2390282,49,65,ROMAN OBEREMOK,5092024375,safety@extremetruckllc.com,SPOKANE,WA,99224,3009 S GEIGER BLVD,None listed,No,AUTHORIZED FOR HIRE,120,$199/mo Growth,Offer DOT Record Monitor $29/mo,"CSA areas, reports, multi-user — growing fleet (fits Growth $199)",https://safer.fmcsa.dot.gov/query.asp?searchtype=ANY&query_type=queryCarrierSnapshot&query_param=USDOT&query_string=2390282
Growth,High,JACOB TRANSPORT INC,JACOB TRANSPORT INC,1006144,45,48,YAKOB (JACOB) CHESNAKOV,3604487257,JT426331@GMAIL.COM,VANCOUVER,WA,98665,5419 NE 88TH BLD D,None listed,No,AUTHORIZED FOR HIRE,120,$199/mo Growth,Offer DOT Record Monitor $29/mo,"CSA areas, reports, multi-user — growing fleet (fits Growth $199)",https://safer.fmcsa.dot.gov/query.asp?searchtype=ANY&query_type=queryCarrierSnapshot&query_param=USDOT&query_string=1006144
Growth,High,SHARK'S LOGISTICS LLC,SHARK'S LOGISTICS LLC,2415434,45,32,VITALIY SHARKEVICH,5092034700,dispatch@sharkslogistics.us,SPOKANE,WA,99206,11508 E MONTGOMERY DRIVE,None listed,Yes,AUTHORIZED FOR HIRE,120,$199/mo Growth,Offer DOT Record Monitor $29/mo,"CSA areas, reports, multi-user — growing fleet (fits Growth $199)",https://safer.fmcsa.dot.gov/query.asp?searchtype=ANY&query_type=queryCarrierSnapshot&query_param=USDOT&query_string=2415434
Growth,High,JEFF'S FAST FREIGHT INC,JEFF'S FAST FREIGHT INC,1848068,49,53,MIKE NARVAEZ,4142945800,mike.narvaez@RMTRUCKING.COM,CUDDAHY,WI,53110,5235 INTERNATIONAL DR,S,Yes,AUTHORIZED FOR HIRE,120,$199/mo Growth,Offer DOT Record Monitor $29/mo,"CSA areas, reports, multi-user — growing fleet (fits Growth $199)",https://safer.fmcsa.dot.gov/query.asp?searchtype=ANY&query_type=queryCarrierSnapshot&query_param=USDOT&query_string=1848068
Growth,High,DIY HOME CENTER,AMERHART LOGISTICS LLC,83642,48,50,BERNARD  LUCEY,9204944744,bernie.lucey@amerhart.com,GREEN BAY,WI,54303,2455 CENTURY ROAD,S,No,AUTHORIZED FOR HIRE,120,$199/mo Growth,Offer DOT Record Monitor $29/mo,"CSA areas, reports, multi-user — growing fleet (fits Growth $199)",https://safer.fmcsa.dot.gov/query.asp?searchtype=ANY&query_type=queryCarrierSnapshot&query_param=USDOT&query_string=83642
Growth,High,POBLOCKI TRUCKING INC,POBLOCKI TRUCKING INC,698209,48,28,GREG KASTENHOLZ,4144066666,jdorn@poblockipaving.com,NEW BERLIN,WI,53151,16363 W RYERSON RD,None listed,No,PRIVATE PROPERTY;AUTHORIZED FOR HIRE,120,$199/mo Growth,Offer DOT Record Monitor $29/mo,"CSA areas, reports, multi-user — growing fleet (fits Growth $199)",https://safer.fmcsa.dot.gov/query.asp?searchtype=ANY&query_type=queryCarrierSnapshot&query_param=USDOT&query_string=698209
Growth,High,SERVICE ONE TRANSPORTATION INC,SERVICE ONE TRANSPORTATION INC,694138,45,48,DANIEL  FLAGSTAD,9204674793,justine@serviceonetrans.com,PLYMOUTH,WI,53073,N5761 CTY ROAD M,None listed,Yes,AUTHORIZED FOR HIRE,120,$199/mo Growth,Offer DOT Record Monitor $29/mo,"CSA areas, reports, multi-user — growing fleet (fits Growth $199)",https://safer.fmcsa.dot.gov/query.asp?searchtype=ANY&query_type=queryCarrierSnapshot&query_param=USDOT&query_string=694138
Fleet,High,ARIZONA TRUCKING & MATERIALS LLC,ARIZONA TRUCKING & MATERIALS LLC,1589098,97,97,KAREN SALOIS,5202991007,INFO@ARIZONATRUCKINGANDMATERIALS.COM,TUCSON,AZ,85714,4180 EAST ILLINOIS STREET,None listed,No,AUTHORIZED FOR HIRE,120,$299/mo Fleet,Offer DOT Record Monitor $29/mo,"Unlimited seats, reports, integrations + Monitor (fits Fleet $299)",https://safer.fmcsa.dot.gov/query.asp?searchtype=ANY&query_type=queryCarrierSnapshot&query_param=USDOT&query_string=1589098
Fleet,High,MICHAEL TRANSPORTATION SERVICES LLC,MICHAEL TRANSPORTATION SERVICES LLC,3529056,90,90,BARAA  HASHIM,5208184166,mtservices20201@gmail.com,TUCSON,AZ,85706-2018,4830 E CINDRICH ST,None listed,No,AUTHORIZED FOR HIRE,120,$299/mo Fleet,Offer DOT Record Monitor $29/mo,"Unlimited seats, reports, integrations + Monitor (fits Fleet $299)",https://safer.fmcsa.dot.gov/query.asp?searchtype=ANY&query_type=queryCarrierSnapshot&query_param=USDOT&query_string=3529056
Fleet,High,ROY MILLER FREIGHT LINES LLC,ROY MILLER FREIGHT LINES LLC,12663,98,82,DANNY E MILLER,7146325511,vbeltran@roymiller.com,ANAHEIM,CA,92806,3165 E CORONADO ST,None listed,Yes,PRIVATE PROPERTY;AUTHORIZED FOR HIRE,120,$299/mo Fleet,Offer DOT Record Monitor $29/mo,"Unlimited seats, reports, integrations + Monitor (fits Fleet $299)",https://safer.fmcsa.dot.gov/query.asp?searchtype=ANY&query_type=queryCarrierSnapshot&query_param=USDOT&query_string=12663
Fleet,High,S C TRANSPORT INC,S C TRANSPORT INC,1537446,97,97,SAMUEL  COLIN,14424312330,samuel.colin@sctrans.com,HEBER,CA,92249-9660,425 E HEBER RD,S,No,AUTHORIZED FOR HIRE,120,$299/mo Fleet,Offer DOT Record Monitor $29/mo,"Unlimited seats, reports, integrations + Monitor (fits Fleet $299)",https://safer.fmcsa.dot.gov/query.asp?searchtype=ANY&query_type=queryCarrierSnapshot&query_param=USDOT&query_string=1537446
Fleet,High,COORS TRANSPORTATION CO,COORS TRANSPORTATION CO,44876,93,150,TIM WOLF,3032772182,jeff.solnick@coors.com,GOLDEN,CO,80401,311 10TH STREET RR 812BC425,None listed,Yes,AUTHORIZED FOR HIRE,120,$299/mo Fleet,Offer DOT Record Monitor $29/mo,"Unlimited seats, reports, integrations + Monitor (fits Fleet $299)",https://safer.fmcsa.dot.gov/query.asp?searchtype=ANY&query_type=queryCarrierSnapshot&query_param=USDOT&query_string=44876
Fleet,High,DENVER INTERMODAL EXPRESS INC,DENVER INTERMODAL EXPRESS INC,466144,68,65,NICOLE DIMAS,3033711500,ndimas@dixtrucking.com,DENVER,CO,80239,10700 EAST 40TH AVENUE,S,Yes,AUTHORIZED FOR HIRE,120,$299/mo Fleet,Offer DOT Record Monitor $29/mo,"Unlimited seats, reports, integrations + Monitor (fits Fleet $299)",https://safer.fmcsa.dot.gov/query.asp?searchtype=ANY&query_type=queryCarrierSnapshot&query_param=USDOT&query_string=466144
Fleet,High,DHL GLOBAL FORWARDING,AIR EXPRESS INTERNATIONAL USA INC,74167,98,226,Nicholas Diraimondo,3053023989,aaron.silva@dhl.com,PLANTATION,FL,33324,1210 SOUTH PINE ISLAND ROAD,C,Yes,AUTHORIZED FOR HIRE,120,$299/mo Fleet,Offer DOT Record Monitor $29/mo,"Unlimited seats, reports, integrations + Monitor (fits Fleet $299)",https://safer.fmcsa.dot.gov/query.asp?searchtype=ANY&query_type=queryCarrierSnapshot&query_param=USDOT&query_string=74167
Fleet,High,PRO TRANSPORT INC,PRO TRANSPORT INC,752774,95,95,ALBERT NAVARRO,3058844186,WARREN@PROTRANSPORTUSA.COM,MEDLEY,FL,33178-1129,10800 NW SOUTH RIVER DRIVE,S,Yes,AUTHORIZED FOR HIRE,120,$299/mo Fleet,Offer DOT Record Monitor $29/mo,"Unlimited seats, reports, integrations + Monitor (fits Fleet $299)",https://safer.fmcsa.dot.gov/query.asp?searchtype=ANY&query_type=queryCarrierSnapshot&query_param=USDOT&query_string=752774
Fleet,High,TRUCKS INC,TRUCKS INC,484944,86,65,HEATHER HUTCHINS,7707754999,FRANKIE@TRUCKSINC.NET,JACKSON,GA,30233,105 SHORT ROAD,S,Yes,AUTHORIZED FOR HIRE,120,$299/mo Fleet,Offer DOT Record Monitor $29/mo,"Unlimited seats, reports, integrations + Monitor (fits Fleet $299)",https://safer.fmcsa.dot.gov/query.asp?searchtype=ANY&query_type=queryCarrierSnapshot&query_param=USDOT&query_string=484944
Fleet,High,U-HAUL,U HAUL CO OF GEORGIA,428379,83,150,KIYA BLAIR,6022636811,GODFREY_HALL@UHAUL.COM,ATLANTA,GA,30313-1114,300 PETERS ST SW,None listed,No,PRIVATE PROPERTY;AUTHORIZED FOR HIRE,120,$299/mo Fleet,Offer DOT Record Monitor $29/mo,"Unlimited seats, reports, integrations + Monitor (fits Fleet $299)",https://safer.fmcsa.dot.gov/query.asp?searchtype=ANY&query_type=queryCarrierSnapshot&query_param=USDOT&query_string=428379
Fleet,High,RT,RAYTCHEV TRANSPORTATION INC,1622100,100,100,ELENA  DOUDINA,7736927750,safety@rttrans.us,SCHILLER PARK,IL,60176,4205 UNITED PKWY,S,No,AUTHORIZED FOR HIRE,120,$299/mo Fleet,Offer DOT Record Monitor $29/mo,"Unlimited seats, reports, integrations + Monitor (fits Fleet $299)",https://safer.fmcsa.dot.gov/query.asp?searchtype=ANY&query_type=queryCarrierSnapshot&query_param=USDOT&query_string=1622100
Fleet,High,SMS LOADS,Y & Y SAFETY FREIGHT INC,2987928,100,100,JAKHONGIR GANIEV,6303394994,Dispatch@smsloads.com,WEST CHICAGO,IL,60185,1800 W HAWTHORNE LN SUITE 209,None listed,No,AUTHORIZED FOR HIRE,120,$299/mo Fleet,Offer DOT Record Monitor $29/mo,"Unlimited seats, reports, integrations + Monitor (fits Fleet $299)",https://safer.fmcsa.dot.gov/query.asp?searchtype=ANY&query_type=queryCarrierSnapshot&query_param=USDOT&query_string=2987928
Fleet,High,MEDALLION TRANSPORT & LOGISTICS LLC,MEDALLION TRANSPORT & LOGISTICS LLC,86734,94,99,GARY  WEILHEIMEN,7656504164,mtlmcs150@medalliontrans.com,TIPTON,IN,46072,902 DEVELOPMENT DR,S,No,AUTHORIZED FOR HIRE,120,$299/mo Fleet,Offer DOT Record Monitor $29/mo,"Unlimited seats, reports, integrations + Monitor (fits Fleet $299)",https://safer.fmcsa.dot.gov/query.asp?searchtype=ANY&query_type=queryCarrierSnapshot&query_param=USDOT&query_string=86734
Fleet,High,NIBLOCK TRUCKING LLC,NIBLOCK TRUCKING LLC,401119,93,77,CHAD NIBLOCK,5748484437,amishler@niblockexc.com,BRISTOL,IN,46507-9159,906 MAPLE ST,None listed,No,AUTHORIZED FOR HIRE,120,$299/mo Fleet,Offer DOT Record Monitor $29/mo,"Unlimited seats, reports, integrations + Monitor (fits Fleet $299)",https://safer.fmcsa.dot.gov/query.asp?searchtype=ANY&query_type=queryCarrierSnapshot&query_param=USDOT&query_string=401119
Fleet,High,CAUSLEY TRUCKING INC,CAUSLEY TRUCKING INC,71955,100,105,KEVIN  CAUSLEY,9897528383,roneil@causley.com,SAGINAW,MI,48601,1621 TERMINAL DRIVE,S,No,AUTHORIZED FOR HIRE,120,$299/mo Fleet,Offer DOT Record Monitor $29/mo,"Unlimited seats, reports, integrations + Monitor (fits Fleet $299)",https://safer.fmcsa.dot.gov/query.asp?searchtype=ANY&query_type=queryCarrierSnapshot&query_param=USDOT&query_string=71955
Fleet,High,JBTC,JAMES BURG TRUCKING COMPANY,398223,99,92,JAMES D. BURG,5867519000,SAFETY@JBTC.NET,WARREN,MI,48092,27275 MOUND ROAD,S,No,AUTHORIZED FOR HIRE,120,$299/mo Fleet,Offer DOT Record Monitor $29/mo,"Unlimited seats, reports, integrations + Monitor (fits Fleet $299)",https://safer.fmcsa.dot.gov/query.asp?searchtype=ANY&query_type=queryCarrierSnapshot&query_param=USDOT&query_string=398223
Fleet,High,QB TRANSPORTATIONS LLC,QB TRANSPORTATIONS LLC,3824614,100,100,DOMINIC OLSEN,9176620981,QB.TRANSPORTATIONS@GMAIL.COM,BLUE SPRINGS,MO,64014,916 NE SUNNYSIDE LN APT G,None listed,No,AUTHORIZED FOR HIRE,120,$299/mo Fleet,Offer DOT Record Monitor $29/mo,"Unlimited seats, reports, integrations + Monitor (fits Fleet $299)",https://safer.fmcsa.dot.gov/query.asp?searchtype=ANY&query_type=queryCarrierSnapshot&query_param=USDOT&query_string=3824614
Fleet,High,WALLER TRUCK COMPANY INC,WALLER TRUCK COMPANY INC,89164,97,95,ROBERT D WALLER,8166293400,TCROWLEY@wallertruck.com,EXCELSIOR SPRINGS,MO,64024,400 S MCCLEARY ROAD,S,Yes,AUTHORIZED FOR HIRE,120,$299/mo Fleet,Offer DOT Record Monitor $29/mo,"Unlimited seats, reports, integrations + Monitor (fits Fleet $299)",https://safer.fmcsa.dot.gov/query.asp?searchtype=ANY&query_type=queryCarrierSnapshot&query_param=USDOT&query_string=89164
Fleet,High,BECK TRUCKING LLC,BECK TRUCKING LLC,1869532,92,50,MATTIE  B BRUNER,3363568040,mattie@becktrucking.net,DOBSON,NC,27017,1037 SOUTH MAIN STREET,None listed,No,AUTHORIZED FOR HIRE,120,$299/mo Fleet,Offer DOT Record Monitor $29/mo,"Unlimited seats, reports, integrations + Monitor (fits Fleet $299)",https://safer.fmcsa.dot.gov/query.asp?searchtype=ANY&query_type=queryCarrierSnapshot&query_param=USDOT&query_string=1869532
Fleet,High,COOKE TRUCKING COMPANY INC,COOKE TRUCKING COMPANY INC,16189,88,130,SHANNON  BRANCH,3367865181,sbranch@cooketrucking.com,MOUNT AIRY,NC,27030,1759 SOUTH ANDY GRIFFITH PKWY,S,No,AUTHORIZED FOR HIRE,120,$299/mo Fleet,Offer DOT Record Monitor $29/mo,"Unlimited seats, reports, integrations + Monitor (fits Fleet $299)",https://safer.fmcsa.dot.gov/query.asp?searchtype=ANY&query_type=queryCarrierSnapshot&query_param=USDOT&query_string=16189
Fleet,High,TIBBI EXPRESS INCORPORATED,TIBBI EXPRESS INCORPORATED,1884997,92,65,MANPREET  BHONDOHAL,6099180037,tibbiexpress2@gmail.com,ROBBINSVILLE,NJ,08691,1171 ROUTE 130 NORTH,None listed,No,AUTHORIZED FOR HIRE,120,$299/mo Fleet,Offer DOT Record Monitor $29/mo,"Unlimited seats, reports, integrations + Monitor (fits Fleet $299)",https://safer.fmcsa.dot.gov/query.asp?searchtype=ANY&query_type=queryCarrierSnapshot&query_param=USDOT&query_string=1884997
Fleet,High,HALL'S FAST MOTOR FREIGHT INC,HALL'S FAST MOTOR FREIGHT INC,31751,63,48,EDWARD RUNSER,9087566242,Ned.runser@americold.com,SOUTH PLAINFIELD,NJ,07080,601 KENTILE ROAD,S,Yes,AUTHORIZED FOR HIRE,120,$299/mo Fleet,Offer DOT Record Monitor $29/mo,"Unlimited seats, reports, integrations + Monitor (fits Fleet $299)",https://safer.fmcsa.dot.gov/query.asp?searchtype=ANY&query_type=queryCarrierSnapshot&query_param=USDOT&query_string=31751
Fleet,High,MOBILE AIR TRANSPORT INC,MOBILE AIR TRANSPORT INC,24439,62,67,JOHN J. INGEMIE,5187835111,mlh@mobileairtrans.com,LATHAM,NY,12110,12 RUNWAY AVE,S,Yes,AUTHORIZED FOR HIRE,120,$299/mo Fleet,Offer DOT Record Monitor $29/mo,"Unlimited seats, reports, integrations + Monitor (fits Fleet $299)",https://safer.fmcsa.dot.gov/query.asp?searchtype=ANY&query_type=queryCarrierSnapshot&query_param=USDOT&query_string=24439
Fleet,High,U-HAUL,U-HAUL CO OF NEW YORK AND VERMONT,428400,61,133,JAMIE MAPES,6022636811,GODFREY_HALL@uhaul.com,ALBANY,NY,12202-1002,139 BROADWAY,S,No,PRIVATE PROPERTY;AUTHORIZED FOR HIRE,120,$299/mo Fleet,Offer DOT Record Monitor $29/mo,"Unlimited seats, reports, integrations + Monitor (fits Fleet $299)",https://safer.fmcsa.dot.gov/query.asp?searchtype=ANY&query_type=queryCarrierSnapshot&query_param=USDOT&query_string=428400
Fleet,High,CLOPAY TRANSPORTATION COMPANY,CLOPAY TRANSPORTATION COMPANY,77019,100,102,VICTOR WELDON,9374406790,KCOPLEY@CLOPAY.COM,TROY,OH,45373,1400 W MARKET STREET,S,No,AUTHORIZED FOR HIRE,120,$299/mo Fleet,Offer DOT Record Monitor $29/mo,"Unlimited seats, reports, integrations + Monitor (fits Fleet $299)",https://safer.fmcsa.dot.gov/query.asp?searchtype=ANY&query_type=queryCarrierSnapshot&query_param=USDOT&query_string=77019
Fleet,High,FORTUNA EXPRESS LLC,FORTUNA EXPRESS LLC,3511164,100,100,FERUZ NAJMIDDINOV,3262126212,fn@fortuna-express.com,MIDDLETOWN,OH,45005,3420 ATRIUM BLVD SUITE 160,None listed,No,AUTHORIZED FOR HIRE,120,$299/mo Fleet,Offer DOT Record Monitor $29/mo,"Unlimited seats, reports, integrations + Monitor (fits Fleet $299)",https://safer.fmcsa.dot.gov/query.asp?searchtype=ANY&query_type=queryCarrierSnapshot&query_param=USDOT&query_string=3511164
Fleet,High,COLUMBIA RIVER TRANSPORT LLC,COLUMBIA RIVER TRANSPORT LLC,3850964,98,94,BRYAN MEDELEZ,5417208833,BRYAN.MEDELEZ@COLUMBIARIVERTRANSPORT.COM,HERMISTON,OR,97838,30525 CAROLYN CT,S,No,AUTHORIZED FOR HIRE,120,$299/mo Fleet,Offer DOT Record Monitor $29/mo,"Unlimited seats, reports, integrations + Monitor (fits Fleet $299)",https://safer.fmcsa.dot.gov/query.asp?searchtype=ANY&query_type=queryCarrierSnapshot&query_param=USDOT&query_string=3850964
Fleet,High,T P FREIGHT LINES INC,T P FREIGHT LINES INC,26804,76,50,MOHAMED HEGEB,5032334607,compliance@tpfreight.net,TILLAMOOK,OR,97141,2703 THIRD STREET,S,Yes,AUTHORIZED FOR HIRE,120,$299/mo Fleet,Offer DOT Record Monitor $29/mo,"Unlimited seats, reports, integrations + Monitor (fits Fleet $299)",https://safer.fmcsa.dot.gov/query.asp?searchtype=ANY&query_type=queryCarrierSnapshot&query_param=USDOT&query_string=26804
Fleet,High,DON MARTIN TRUCKING DIVISION,DTA LP,757900,97,92,MARK  W MCCLYMONDS,7243688040,fzbuckvich@mcclymonds.com,SAXONBURG,PA,16056,415 SAXONBURG BLVD,None listed,No,AUTHORIZED FOR HIRE,120,$299/mo Fleet,Offer DOT Record Monitor $29/mo,"Unlimited seats, reports, integrations + Monitor (fits Fleet $299)",https://safer.fmcsa.dot.gov/query.asp?searchtype=ANY&query_type=queryCarrierSnapshot&query_param=USDOT&query_string=757900
Fleet,High,M & C TRUCKING COMPANY,M & C TRUCKING COMPANY,163516,95,62,ELEANOR J MUCHESKO,8144464441,billing@mandctrucking.com,SEWARD,PA,15954,400 KECK STREET,S,No,AUTHORIZED FOR HIRE,120,$299/mo Fleet,Offer DOT Record Monitor $29/mo,"Unlimited seats, reports, integrations + Monitor (fits Fleet $299)",https://safer.fmcsa.dot.gov/query.asp?searchtype=ANY&query_type=queryCarrierSnapshot&query_param=USDOT&query_string=163516
Fleet,High,SADLER BROS TRUCKING & LEASING CO INC,SADLER BROS TRUCKING & LEASING CO INC,8350,93,165,CHRISTOPHER B SADLER,6152564911,CHRIS@sadlerbrothers.com,NASHVILLE,TN,37210-4302,436 ENOS REED DR,S,No,AUTHORIZED FOR HIRE;U. S. MAIL,120,$299/mo Fleet,Offer DOT Record Monitor $29/mo,"Unlimited seats, reports, integrations + Monitor (fits Fleet $299)",https://safer.fmcsa.dot.gov/query.asp?searchtype=ANY&query_type=queryCarrierSnapshot&query_param=USDOT&query_string=8350
Fleet,High,QUICKWAY CARRIERS INC,QUICKWAY CARRIERS INC,694331,89,125,GAYLE  CULPEPPER,6158349470,ccannon@paladin-capital.com,BRENTWOOD,TN,37027,5200 MARYLAND WAY SUITE 400,S,No,AUTHORIZED FOR HIRE,120,$299/mo Fleet,Offer DOT Record Monitor $29/mo,"Unlimited seats, reports, integrations + Monitor (fits Fleet $299)",https://safer.fmcsa.dot.gov/query.asp?searchtype=ANY&query_type=queryCarrierSnapshot&query_param=USDOT&query_string=694331
Fleet,High,BASIC TRANSPORT LLC,BASIC TRANSPORT LLC,2141830,90,90,ADEEL  SALAM,7326553302,basictransportllc@gmail.com,IRVING,TX,75063,9349-9345 E 9TH ST,S,No,AUTHORIZED FOR HIRE,120,$299/mo Fleet,Offer DOT Record Monitor $29/mo,"Unlimited seats, reports, integrations + Monitor (fits Fleet $299)",https://safer.fmcsa.dot.gov/query.asp?searchtype=ANY&query_type=queryCarrierSnapshot&query_param=USDOT&query_string=2141830
Fleet,High,VALLEY TRUCKING CO INC,VALLEY TRUCKING CO INC,136490,82,82,JUAN D GUTIERREZ,8009454511,VTCJD@VALLEY-TRUCKING.COM,BROWNSVILLE,TX,78521,4550 JAIME J ZAPATA AVE,S,Yes,AUTHORIZED FOR HIRE,120,$299/mo Fleet,Offer DOT Record Monitor $29/mo,"Unlimited seats, reports, integrations + Monitor (fits Fleet $299)",https://safer.fmcsa.dot.gov/query.asp?searchtype=ANY&query_type=queryCarrierSnapshot&query_param=USDOT&query_string=136490
Fleet,High,CROSBY TRUCKING SERVICE INC,CROSBY TRUCKING SERVICE INC,32052,96,75,MELISSA  BOSSERMAN,5402349268,mbosserman@crosbytrucking.com,MT SIDNEY,VA,24467,270 KEEZLETOWN ROAD,S,No,AUTHORIZED FOR HIRE,120,$299/mo Fleet,Offer DOT Record Monitor $29/mo,"Unlimited seats, reports, integrations + Monitor (fits Fleet $299)",https://safer.fmcsa.dot.gov/query.asp?searchtype=ANY&query_type=queryCarrierSnapshot&query_param=USDOT&query_string=32052
Fleet,High,APPALACHIAN FREIGHT CARRIERS INC,APPALACHIAN FREIGHT CARRIERS INC,32173,96,86,JEFF PENCE,5409848514,wruby@appalachianfreight.com,EDINBURG,VA,22824,12919 OLD VALLEY PIKE,S,No,AUTHORIZED FOR HIRE,120,$299/mo Fleet,Offer DOT Record Monitor $29/mo,"Unlimited seats, reports, integrations + Monitor (fits Fleet $299)",https://safer.fmcsa.dot.gov/query.asp?searchtype=ANY&query_type=queryCarrierSnapshot&query_param=USDOT&query_string=32173
Fleet,High,SMC,SKYLINE MAIL CARRIERS INC,130402,82,72,DAVID  BALBI,2538747811,david@skylinemailcarriers.com,TACOMA,WA,98422-3911,8209 PACIFIC HWY E,S,No,AUTHORIZED FOR HIRE,120,$299/mo Fleet,Offer DOT Record Monitor $29/mo,"Unlimited seats, reports, integrations + Monitor (fits Fleet $299)",https://safer.fmcsa.dot.gov/query.asp?searchtype=ANY&query_type=queryCarrierSnapshot&query_param=USDOT&query_string=130402
Fleet,High,PRO STAR LOGISTIC INC,PRO STAR LOGISTIC INC,3007470,80,90,CATALINA  TRELEA,2067156281,dispatch@prostarlogistics.us,KENT,WA,98031,22328 88TH AVE S H104,None listed,Yes,AUTHORIZED FOR HIRE,120,$299/mo Fleet,Offer DOT Record Monitor $29/mo,"Unlimited seats, reports, integrations + Monitor (fits Fleet $299)",https://safer.fmcsa.dot.gov/query.asp?searchtype=ANY&query_type=queryCarrierSnapshot&query_param=USDOT&query_string=3007470
Fleet,High,KOHLER TRANSPORT INC,KOHLER TRANSPORT INC,100152,92,92,ANDREW  SCHELK,9204591561,andrew.schelk@kohler.com,KOHLER,WI,53044,444 HIGHLAND DRIVE,S,No,PRIVATE PROPERTY;AUTHORIZED FOR HIRE,120,$299/mo Fleet,Offer DOT Record Monitor $29/mo,"Unlimited seats, reports, integrations + Monitor (fits Fleet $299)",https://safer.fmcsa.dot.gov/query.asp?searchtype=ANY&query_type=queryCarrierSnapshot&query_param=USDOT&query_string=100152
Fleet,High,FIRST TRANSPORT,FIRST TRANSPORT LLC,113939,84,123,KATIE POEHLING SEYMOUR,6087913613,teverett@1SUPPLY.COM,LA CROSSE,WI,54601,106 CAMERON AVE,S,Yes,AUTHORIZED FOR HIRE,120,$299/mo Fleet,Offer DOT Record Monitor $29/mo,"Unlimited seats, reports, integrations + Monitor (fits Fleet $299)",https://safer.fmcsa.dot.gov/query.asp?searchtype=ANY&query_type=queryCarrierSnapshot&query_param=USDOT&query_string=113939
